job_id,title,core,role
1,영상콘텐츠 디자이너,"영상,모션,그래픽,디자인,graphic,asset,로고,인포그래픽,편집,영상컨텐츠,애프터이펙트,프리미어,모션그래픽,콘텐츠,컨텐츠","광고 콘텐츠,디자인물,A/B 테스트,크리에이티브,컨셉,비주얼,포토샵,일러스트,마케팅,캠페인,커뮤니케이션,최적화,프리미어,에프터이펙트,브랜드 아이덴티티,비주얼 콘텐츠,온라인 콘텐츠,시각화,그래픽 디자인,After Effects,C4D,모션그래픽,일러스트레이션,콘텐츠 디자이너,상세페이지,인디자인,배너,비주얼 기획,퍼블리싱,썸네일,Paid,Organic,Facebook,Instagram,google,naver,FBIG,비주얼 커뮤니케이션,정성,정량적,데이터,가이드라인,사용자 조사,데이터 분석,프로모션 디자인,컨텐츠 디자인,그래픽 에셋,피그마,Figma,Data-driven,디지털 마케팅,디지털 콘텐츠,켐페인,아이데이션,콘셉트 ,크리에이팅,카피라이팅,제안서,소셜미디어,주요업무 - Paid Channel 광고 콘텐츠, 디자인물 제작 - 웹앱의 전환 최적화를 위한 A/B 테스트 소재 제작 - 퍼포먼스 마케터와 광고 및 A/B 테스트 콘텐츠 관련 커뮤니케이션,콘텐츠 디자이너,콘텐츠 디자이너,[윙잇] 웹 콘텐츠 디자이너,콘텐츠 디자이너,콘텐츠 디자이너,디지털 콘텐츠 에디터"
2,네트워크 프로그래머,"철도차량,개발,wi,fi,vpn,ssl,네트워크,AP,Network,switch,Router,이동통신,5G,6G,무선랜,3GPP,802.11,브로드밴드,C++,네트워크,네트워크 프로그램,네트워크 프로그래밍,TCP/IP,Network switch,IPsec VPN, SSL VPN, IPS,방화벽","네트워크,시스템,SDN,OpenFlow,NetworkOS,embedded system,OS kernel drive,firmware,Paas,IaaS,Embedded,Ethernet,C/C++,Linux,네트워크 통신,광통신,스위치,보안 인프라,L2,L7,네트워크 솔루션,CISCO,WebRTC,Protocol,SIP ,Boost Library,IoT,제로데이,CVE,C,Python,리버스엔지니어링,arm,mips,OpenVPN,Ipsec,VPN,SSL,IPS,PQC,FW,Ddos,IDS,WIPS,ACL,Access Matrix,망연계,아키텍처,인프라 로킹,모니터링,Docker,SRE,방화벽,라우터,AWS,IAM,network Engineer,Trouble Shooting,CCNA,CCIE,정보처리기사,네트워크 구축,네트워크 컨설팅,네크워크 유지보수,Fortinet Firewall,Cisco Swithc,Router,Radware L4,네트워크 앱,CCNP,Radware,MCSE,CISP,CISSP,ISMS,ISO27001,보안심사,SDN,SD-WAN,Wifi6E,5G,GCP,Public Cloud,컨플루언스 ,R&S,TCP/IP,DHCP,DNS,RADIUS,VPC,DX,ALB,WireShark,Aruba,네트워크 개발,네트워크 장비 소프트웨어 개발,네트워크 엔지니어 (Network Engineer),네트워크 서버 개발자,IoT 기기 및 네트워크 취약점 점검,네트워크 보안 SW 개발,Security Engineer (네트워크보안 기술 담당),devops/시스템/네트워크/서버 관리자,정보보안실 - Network Engineer(네트워크 담당자),네트워크 엔지니어,네트워크 운영 담당,네트워크/시스템 엔지니어,네트워크 엔지니어 (3년 이상),네트워크 엔지니어,[IT Infra팀] 네트워크 엔지니어,[네트워크팀] 네트워크 엔지니어,백화점IS팀 네트워크,[컬리] 네트워크 운영 담당 (신입가능 ~ 5년 이하)"
3,브랜드디자이너,"IMC,내부대행사,전략,제품소싱,브랜드,홍보,마케팅,브랜드 마케팅,브랜드 디자인,네이밍","포트폴리오,패키지 디자인,인쇄 감리,인디자인,비주엘 에셋,브랜드 커뮤니케이션,브랜드 전략,브랜드 에센스,브랜드 아이덴티티,브랜드 디자인,디자인 컨셉보드,네이밍,Photoshop,Illustrator,BX,Brand Identity,BI ,타이포그래피,Adobe Creative,아이덴티티 구축,브랜드 가이드제작,디자인 퀄리티향상,운영성 디자인업무,시각적 커뮨케이션,언어적 커뮤니케이션,그래픽 디자인,컨셉 기획,기획,커머스 컨텐츠,상세페이지,배너,스마트스토어,일러스트,포토샵 ,프레젠테이션,아이디어,협업,신제품 디자인,리뉴얼 디자인,패키지 ,트렌드,트렌드 분석,디자인컨셉 기획,디자인 스튜디오,디자인 에이전시,프로세스 체계화,Figma,스케치,에펙,커뮤니케이션,디자인 툴,브랜드 구축,BX 디자인,브랜딩,브랜드 경험,아이덴티티 강화,비주얼에셋 개발,브랜드 이미지,브랜드이미지 구축,컨텐츠 디자인,화장품,이미지 구축,C4D,Octane,3D Max,3D 그래픽,리뉴얼 프로젝트,브랜드 비주얼,시각디자인,문제해결,문제해결 능력,트렌드,감각,크리에이티브,Premiere Pro,After Effects,프로모션 영상,편집 역량,Adobe 프로그램,영상 툴,플랫폼사업 브랜드,영상 디자인,심볼,로고,모션 에셋,Marketing,Social,Basic,고객 공감,고객 소통,광고,캠페인,브랜드 전략,웹디자인,공간디자인,제품디자인,PB상품,스테이셔너리,어플리케이션 ,어플리케이션 디자인,홈페이지,쇼룸,비주얼 제품,촬영,스튜디오 촬영,이벤트페이지,인스타그램,GIF 제작,클라이언트,클라이언트 커뮤니케이션,브랜드 리서치,디자인 디벨롭,아이덴티티 기획,모션그래픽 기술,MS Office,시장분석,시장조사,소비자트렌드 리서치,소비자 트렌드,비주얼 전략수립,인쇄 광고홍보물,POP,브로셔,브랜드 제안서,샘플링 양산,브랜드 BI,[닥터포헤어] 브랜드디자이너,브랜드디자이너,패키지 디자이너 모집,브랜드 디자이너(BX/BI) 경력 채용(서울지점),화장품 브래드 디자이너,라이프 브랜드 디자이너,뷰티 브랜드 디자이너,브랜드디자이너,브랜드 디자이너"
4,모바일 애플리케이션 프로그래머,"하이브리드,솔루션,js,바이너리,dex,mach,elf,난독화,셀프스튜디오,모바일,휴대폰,갤러리,반응형,백오피스,angular,설계,개발,플랫폼,신규,론칭,배포,개선,kotlin,jetpack,coroutine,aspnet,net,core,jscript,bootstrap,하이브리드,java,component,flutter,앱안드로이드,주문앱,포스앱,App,안드로이드,업데이트,네이티브,Android,iOS,Kotlin,swift,Swift,코틀린,모바일,iOS 개발,android 개발,SDK,안드로이드,iOS앱,REST,Reactive","Android,iOS,Native,앱,Client,Server,RESTful,Flutter,Application,유지보수,업데이트,Kotlin,코틀린,Google Play,Git,MVVM,테스트 자동화,오픈소스,문서 정리,클라우드호스피탈,배포,Swift,App store,인터페이스,개발코드,리뷰,Java,빌드,테스트,릴리스,Unit Test,React Native,Javascript,Typescript,React,GraphQL API,MSA,RPA,SDK,Objective-C,react-query,SWR,전역 상태관리,redux,zustand,zotai,valtio,react-tracked,Concurrent mode,suspense,context,Framer,Story book,Socket,Rx,Git ,CoreData,SwiftUI,TDD,RxSwift,모바일 앱 개발 (Android,iOS),안드로이드 모바일 앱 개발자,iOS 모바일 앱 개발자,모바일 앱 개발자(Android, iOS),모바일 앱(App)개발 개발자,모바일 개발자,모바일 SDK 엔지니어 (AOS,IOS),모바일 앱 개발자,[잔디] 모바일 iOS 개발,[플랫폼실] 모바일 iOS 개발"
5,산업 안전 및 위험 관리원,"환경 법규,산업안전보건,위험물","환경 법규,화학물질,현장 개선,허가체계,인허가,위험물,안전작업,안전법령,소방,산업안전보건,산업안전기사,사고 예방,사고 대응,법규 준수,규제 검토,공정안전관리,PSM,안전 관리자,위험물 안전관리자,산업 안전관리자,산업현장,산업안전,교통안전,산업재해,재발방지 대책,안전교육,안전 훈련,안전대책 수립,작업환경,광업,제조업,건설업,전기가스업,위험관리원,산업안전관리법,중대재해처벌법,안전관리,안전관리 업무,산업안전계획,산업안전계획 수립,원인 조사,원인 분석,전사 사업장,안전진단,점검,안전보건,현장 안전조치,안전조치,안전관리규정,안전관리규정 작성,위험성 평가,근로자 안전교육,적격보호구 지급관리,현장 이슈대응,안전관리자,산업안전지도사,산업안전산업기사,상담,방문,산업위생관리기사,보건관리자,화재예방,소방법규 준수,사고원인 조사,재발방지 조치,산업안전보건법,기계안전기술사,건설안전기술사,위험물산업기사,위험물기능사,위험물기능장,전기안전기술사,환경관리자,유해화학물질,화학공학,생명공학,SMS ,SMS 안전관리,화학물질 관리,인허가,법정업무,중대산업사고 사전예방,공학계열,위험물질 ,위험물질 취급,소방 관리업무,비상 시나리오,비상대응훈련,보건,환경,소방,현장관리자,시설관리,산업설비,전기,방사선안전관리,전기산업기사,PLC,전기 설비,유틸리티 유지,기계설비 관리,단독선로,변전실,변전실 설비,수변전 설비관리,계약전력전기,전기기사,토목공사,토목현장품질관리자,건설안전기사,건설안전산업기사,도시공학,산업공학,조경,신소재,전기설계,전기제어,기계설비장치 유지보수,개선 관리,설비 유지보수,건설현장 안전관리자(신입),산업안전관리자,[안전보건] 산업안전관리자,물류센터 산업안전관리자,위험물안전관리자(유해물질관리) ,한국통상(주)케이디아이탱크터미널 위험물 안전관리자 모집,위험물관리 담당 ,부산신항 물류센터 위험물안전전기 관리자 모집,전기안전관리자,안전관리자,건설안전,(주)신성산업 음성공장 전기안전관리자 ,식품제조업 공무팀 경력자 채용(기계, 전기, 냉동, 산업안전 등)"
6,인사 및 노무 사무원,"인사현황,급여관리,원천세,인사지원,채용,조직 문화,리쿠르팅,인사,노무,채용프로세스,근무환경,OKR,성과관리,경영지원","온보딩,OJT,채용프로세스,채용 채널,인사,인건비,조직 문화,복리후생,인터널 브랜딩,HR,리쿠르팅,커뮤니케이션,PPT,HR트랜드,평가,보상,채용,교육,노무,문서 작성,채용 진행,지원자 ,공고,서칭,면접진행,인적성검사,오리엔테이션,인재 서치,채용 프로세스,고도화,채용 마케팅,브랜딩,조직개발,HRM,인사전산시스템,ERP,노무관리,고충처리,노동법,급여관련,논리적 사고,보고서 작성,입사,퇴사,근태,인사시스템,직책,OKR,Payroll,법정교육,인허가,KPI,OKR,인사 제도,취업규칙,인사규정,근태,연차,법정의무교육,비품,자산,구매,제증명,[People&Culture] 인사 담당자,인사/총무,인사기획 및 운영,HR 인사담당자,HR 인사담당자,경영지원팀 인사 담당자,경영지원실(인사/총무),인사,노무,채용프로세스,근무환경,OKR,성과관리,경영지원"
7,인공지능프로그래머,"의료영상,Tensorflow,Pytorch,GAN,저널,컨퍼런스,대용량,Elasticsearch,자연어,자연어처리,NLP,MySQL,머신러닝,mlops,백엔드,python,Python,AI,딥러닝,인공지능,비전,deep,learning,generative,adversarial","컴퓨터 비전,자연어 처리,컴퓨터 비전,시스템공학,전기,전자공학,정보처리기사,데이터분석전문가,ADP,영상인식,멀티모달,오픈소스,논문,기술자료,수집,라벨링,학습,데이터 파이프라인,백엔드,기획자,Python,numpy,pandas,TensorFlow,Pytorch,오류역전파,최적화함수,활성화함수,과적합,EDA,데이터수집,딥러닝,머신러닝,알고리즘,text preprocessing,sentiment classification,emetion recognition,text generation,text style transfer,conversation management,multimodal Q&A,언어처리,챗봇,음성합성,변환,전처리,후처리,신호분리,화자인식,감정인식,상황인식,센서데이터,인식기술,Python,openCV,ROS,프로그래밍,네트워크,IoT,유사성,차별성,분석,트래픽,식별,판단,Deep Learning,Machine Learning,이미지,수치해석,DL,ML ,Modeling,분류,예측,이상징후,추천,로그,데이터 가공,SOTA,AI,프레임워크,이미지 생성,음성 인식,Torch,Caffe,Chainer,MZNet,Theano,논리적 사고,SAR,Docking,MD 시뮬레이션,Screening,Object Detection,YOLOP,Detectron2,API,Linux,OS,기계학습,파이썬,텐써플로우,지능형 ,인공지능연구원,인공지능 개발자,(전문연구요원 병역 특례 가능)인공지능 연구원 - 자연어처리,(전문연구요원 병역 특례 가능)인공지능 연구원 - 음성 및 오디오 처리,인공지능 알고리즘 연구,머신러닝/인공지능,머신러닝/인공지능,인공지능(A.I.) 개발자,인공지능 신약개발 연구원,인공지능 모델 개발자,인공지능 기술개발 및 연구"
8,웹디자이너,"디자인,포토샵,일러스트레이터,광고물,배너,html,css,웹에이전시,인디자인,포트폴리오,디자인,리플릿,쇼핑몰용,상세페이지,보정,콘텐츠,디자인썸네일,상세페이지광고,이벤트,페이지,사이트,웹사이트,웹 퍼블리싱,웹 접근성,웹 서비스 개발,웹 디자인,웹 개발,Photoshop,Figma,Illustrator,디자인툴","화면설계,프로토타입 제작,포토샵,이미지 합성,이미지 보정,웹 퍼블리싱,웹 접근성,웹 서비스 개발,웹 디자인,웹 개발,아이디어 스케치,상세페이지,그래픽 디자인,Photoshop,Illustrator,Figma,Adobe Creative,시각적 커뮤니케이션,팀워크,온라인 커머스,일러스트,마케팅,디자인,그래픽,UI,UX,패키징,소셜 미디어,광고 배너,SNS,홈페이지 관리,홈페이지 ,영상 편집,그로스해킹,카페24,식품 산업,디자인 툴,사이트 관리,SNS컨텐츠,카드뉴스,페이스북,프로모션,프로모션 페이지,컨텐츠 디자인,이커머스,서비스 플랫폼,디자이너,온라인 마켓,신규 서비스,운영 디자인,쇼핑몰,쇼핑몰 운영,마케팅 기힉력,디자인 에이전시,제품 촬영,HTML,CSS,Javascript,jqurey,퍼블리싱,인터페이스,프로그래밍,프로그래밍 언어,웹디자인 기능사,정보처리 자격증,GTQ,코딩,웹퍼블리셔,프리미어,피그마,반응형,반응형 웹,디바이스,브랜딩,기획,제작,관리,디지털미디어 컨텐츠,광고 디자인,사이트 디자인,퍼블리싱 가능자,웹사이트 운영,웹사이트 관리,브랜드 광고,래딩 프로모션,이벤트,상세페이지 기획,디자인 전공자,멀티미디어,콘텐츠제작,컴퓨터그래픽스운용기능사,모바일인터페이스 디자이너,웹 에이전시,쇼핑몰 디자이너,인공지능,XD,프로덕트 디자인,관리자,홍보디자인,배너디자인,상세디자인,대표디자인,일러스트레이터,운영업무,프로모션 디자인,모바밀 디자인,굿즈,패키지,인쇄물,제품 디자인,레이아웃,타이포그래피,BI,어도비 ,PB브랜드 개발,이미지 제작,이미지,Zeplin,협업 툴,모바일 앱,모바일 게임,마켓플레이스,페이지 디자인,프로모션 배너,프로모션배너 제작,마크업,미디어 콘텐츠,Artwork,BX 마케팅,BTL,편집툴,Retail,O2O,제품패키지 디자인,기획전,그래픽 애셋,온라인 기획전,기획전 페이지,웹 프론트엔드,Figma,웹디자이너,웹디자이너,웹디자이너 시니어,웹디자이너,웹디자이너,웹디자이너, 퍼블리싱, UI/UX,웹디자이너(계약직-1년),웹디자이너,이커머스 Ai SaaS UXUI 웹디자이너,웹디자이너,웹디자이너,웹디자이너,웹디자이너, 광고디자이너,위뜨(huit) 웹디자이너"
9,시스템엔지니어,"BSP,BLE,블루투스,MCU,STM,Linux,Kernel,Profiling,Core,Analog,Digital,BLE,sensor,압축,시스템소프트웨어,시스템반도체,시스템 엔지니어링,시스템 어플리케이션,Shell Script,임베디드 시스템","트러블슈팅,장애 대응,임베디드 시스템,유지 보수,시스템 엔지니어링,시스템 어플리케이션,Windows Servers,Windows,UBUNTU ,Trouble Shooting,Thermal Analysis,Shell Script,로그 분석,shell,NVIDIA JETSON,Middleware 프로그래밍,Linux,인프라 ,infra architecture,Embedded 소프트웨어,eclipse,C++,영업 파이프라인,파이프라인 개발,서버,스토리지,설치,기술 서비스,리포트작성,협력사관리,네트워크 최적화,컴퓨터,시스템공학,MSA 설계,DevOps 환경,클라우드 인프라,아키텍처 설계,개발 환경,시스템 퍼포먼스,보안 ,보안 이슈,인프라 아키텍쳐,설계 ,신기술 검토,OS 운영,System ,Tool 관리,Ansible,Shell script,Public Cloud ,Private Cloud ,인프라 운영,인프라 관리,클라우드 플랫폼,오픈스택,유닉스,S/W 기술지원,IT,IT교육,클라우드 환경,서비스 개발,서비스 운영,Prometheus,Grafana,모니터링 시스템,하드웨어,OSI Layer,스위치,라우터,LAN 구성,프로세스 개선,보안서비스,클라우드 보안서비스,리눅스,리눅스 서버,네트워크 보안장비,TCP,IP,Bash Shell,Python,Perl,스크립트 작성,쿠버네티스,리눅스마스터,정보처리기사,솔루션,솔루션 스킬,통계,모니터링,DB 운영,게임 서비스,인프라 구축,AWS 서비스,방화벽 관리,보안 설정,백업 정책,시스템 모니터링,Docker,DB 이중화,Python Script,Open Source Sofeware,Redhat Linux,Virtualization,재해복구 ,재해복구 시스템,백업 솔루션,SAN 스위치,유지관리,IT 인프라,장애 예방,온프레미스 환경,원격점검,기술지원,Zabbix,Grafana,GCP,AWS ,리눅스,CDN,APM,시스템운영 자동화,Kubernetes ,대용량 트래픽처리,트래픽 처리,E커머스,문제해결 능력,인프라관리 자동화,MySQL,Mssql,postgresql,시스템 엔지니어 (서버/스토리지),시스템 엔지니어 ,시스템 엔지니어 (System Engineer),[개발] 서버/시스템 엔지니어,게임 서버 퍼블리싱[시스템 엔지니어],시스템 엔지니어(SE),카드IS팀 시스템 엔지니어(인프라 구축/운영),시스템 엔지니어(SE),[빗썸] 시스템 엔지니어 (5년 이상)"
10,프론트엔드 개발자,"개발,서비스,웹사이트,vuex,redux,mobx,반응형,개발,nuxt,git,reactnextjs,openlayer,google,map,nuxtjs,cypress,javavuejs,sk,reactjs,vuejs,mvc,css,sass,API,ASPNET,MS,ASPNETC,WebForm,어드민,restful,front,end,플랫폼,JAVA,API,Javascript,SCSS,프론트,Vue,HTML,JQuery,JSP,MyBatis,ES6,백오피스,maven,Spring,json,XML,NoSQL,Flutter,웹개발,프론트엔드,frontend,front-end,react,vue,native,firebase,react-native,Next.js,Typescript,JavaScript,앱배포","react,테스트코드,유지보수,EMR,Vue,협업솔루션,Angular,시니어,IOS,안드로이드,Next.js,주니어,React-native,운영플랫폼,모노레포,구현,스토리보드,시나리오,벤치마킹,시스템,앱,웹,ERP,API,MVVM,프레임워크,기획,Git,slack,안정화,랜더링,최적화,하이브리드,Admin,SPA,Agile,AWS,Jenkins,컴포넌트,redux,인프라,Restful,mobx,Typescript,DB,flutter,풀스택,정보처리기사,SSR,Webpack,ES6,JavaScript,HTML5,CSS3,Node.js,WebRTC,UX,UI,유닛테스트,web Application,개발,github,gitlab,Notion,jira,IOT,Protocol,웹소켓,서버,통신,반응형,접근성,SEO,마크업,CSR,오픈소스,라이브러리,swift,Kotlin,브라우저,emotion.js,Turborepo,pnpm,Confluence,단위테스트,통합테스트,코드리뷰,페어코딩,Relay,GraphQL,yarn,빌드,배포,파이프라인,비동기호출,네트워크모듈,XHR,Web-Fetch,Atomic,Cloudfront,Rollup,three.js,d3.js,echart,task-runner,Recoil,상태관리,대시보드,canvas,Babel,ECMAScript,SQL,webQL,Mybatis,Prometheus,Grafana,JPA,시각화,saga,Firebase ,Sentry ,Storybook ,Lerna,확장성,아키텍쳐,자동화,Yona,Basecamp,블록체인,Django,Python,윈도우,Golang,Rust,분산시스템,네트워킹,프로젝트매니저,OAuth ,Docker,Kubernetes,SAAS,SDA,Java ,웹차트,SSR,AI,백오피스,자료구조,알고리즘,캐시,리액트(React) 프론트엔드(Front-End) 개발자 채용,[비즈하우스] 프론트엔드 개발자,백엔드, 서버, 프론트엔드, 악성코드/취약점분석, 코어개발자,[부민병원소속] EMR 프론트엔드/백엔드 개발자를 모십니다.,[GS ITM] Vue.js 개발자 모집,협업솔루션 프론트엔드(Vue.js) 개발 경력직 채용 공고,프론트엔드 신입/경력 개발자 채용 (Angular/React/Vue),[NFT 거래소] 시니어 프론트엔드 개발자,iOS 프론트엔드 개발자,안드로이드 프론트엔드 개발자,React/Next.js 프론트엔드 개발자 (2년 이상),프론트엔드 개발자(주니어),프론트엔드 개발자(React Native),운영플랫폼 프론트엔드 (Frontend) 엔지니어 "
11,데브옵스 개발자,"개발,kubernetes,helm,알고리즘,자료구조,운영체제,bash,jenkins,docker,인프라,컨테이너,트랜스포메이션,쿠버네티스,클라우드,AWS,DevOps,CI,CD,인프라,자동화,클라우드","클라우드,AWS,서비스연계,네트워크,인프라,자동화,트랜스포메이션,쿠버네티스,온프레미스,벌크데이터,PHP,인프라,Packer,IaC,CI,안정화,구축,IAM-User,policy,role,자동화,구현,배포,Batch,도메인,Auto-Scaling,서버,스크립트,도커,오케스트레이션,Terraform,Ansible,자원,최적화,보안,CD,오픈소스,운영,데이터베이스,모니터링,CloudFormation,Linux,JunitTest,Jmeter,성능테스트,Java,Node.js,코드리뷰,로그시스템,Spring,Laravel,MySQL,OOP,MSA,암호화,트래픽,로깅,GCP,빌드,Kubernetes,Datadog,Grafana,Gitlab,Jenkins,Maven,Framework,컨테이너,EKS,보안,메트릭,고도화,SRE,Python,N/W,Unix,프로세스,k8s,mongodb,Bitbucket,ncp,고가용성,파이프라인,시스템메트릭,Elasticsearch,RDB,신뢰성지표,장애대응,Shell,SavingsPlan,RI,DevOps 개발자(3년이상),DevOps 개발자,보험플랫폼 DevOps 개발자,스포츠플랫폼 DevOps 개발자,DevOps 개발자,DevOps Engineer,DevOps 엔지니어 (DevOps Engineer),데브옵스 개발자 모집,데브옵스 엔지니어"
12,백엔드 개발자,"개발,데이터베이스,mysql,ubuntu,플랫폼,larabel,튜닝,쿼리,개발,서비스,백엔드,아키텍쳐,spring,framework,mysql,apache,tomcat,git,graphqlapollomobx,jsemotion,rethinkdb,jest,amazon,servicesdocker,elk,azure,express,vcsgithub,cicd,djangoexpress,매드월드,mmorpg,jquery,laravel,php,phplaravel,python,개발운영,aws,Java,Spring,SVN,Redis,MariaDB,네트워크,게임서버,가비아,WindowsLinux,Backend,jquery,Back,backend,백엔드,NodeJS,NestJS,Polyglot,Typescript,GraphQL,Go,Windows/Linux 서버,RDBMS,NoSQL,RESTful,JAVA,API,데이터베이스","phalconphp ,PHP,Nest.js,스키마,API ,도메인,SaaS서비스,웹,주니어 ,시니어,앱,블록체인,인프라,보안솔루션,Node.js,스크립트언어,리눅스,프레임워크,MSA,클린코드,RestfulAPI,Laravel,CI,RDBMS,NoSQL,Redis,데이터,스토리지,운영,Go,Python,C#,JAVA ,개발언어,오픈API,클라우드,CD,ElasticSearch,연동,협업,DDD ,ECR ,ECS ,도커,TypeORM,크롤러,SQL,Sqlalchemy,AWS,Django,Fastapi,프로세스,개선,Spark,컴포넌트,express,분산,구현,트러블슈팅,Git,Slack,Jira,Confluence,파이프라인,유지보수,데이터관리,DynamoDB ,프로비저닝,로직,입출력,RDB,NoSQL,kafka,MSA,서버이중화,CloudGateway,GCP,고도화,AA,대용량데이터처리,아키텍쳐,GraphQL,Cognito,Lambda,테스트코드,데이터베이스,SpringMVC,JSP,Servlet ,fastapi,윈도우,LogStash,Kibana,HTTP ,UDP,TCP,프로토콜,TDD,동기,OOP,JVM ,빅데이터,ETL,BigQuery,알고리즘,Kubernetes ,SIP,관계형데이터베이스,Javascript,IOT,모니터링,Agent,Shell,golang,병렬처리,성능튜닝,대규모요청,Swagger,OAS,RabbitMQ,미들웨어,통신,리소스,코어,MessageQueue,Git-flow,Reactive-Programming,SpringWebflux,CodeIgniter,유닛테스트,Crawling,서버연동,퍼블릭클라우드,SCM,GA,Mongo,Oracle,퍼킹클라우드,Hadoop,기술스택,Sqoop,Airflow,공간데이터,Hibernate,Couchbase,백업전략,장애복구,Maven,Jenkins,MyBatis,[위메프오] 백엔드개발자,[E-Biz개발팀] PHP 백엔드개발자,Nest.js, Python 백엔드개발자 (리드급),[컬리페이] 백엔드개발자,백엔드개발자,백엔드개발자(1년 이상),이커머스 Ai SaaS 백엔드개발자,웹 백엔드개발자(대리~과장),주니어 JAVA 백엔드개발자,시니어 JAVA 백엔드개발자,맛집 앱 백엔드 개발자,블록체인 백엔드 (스마트 컨트랙트) 개발자,[엠포스] 인프라 백엔드 개발자 경력 채용,• 보안 솔루션 백엔드(Java, 서버) 시스템 개발업무를 담당합니다. • 시니어 개발자 역할을 하게 됩니다.,[넥스큐브코퍼레이션] Node.js 백엔드 개발자 (연봉 4500~6000)"
13,정보보안 전문가,"보안성,위험분석,정보보안,정책,compliance,보안요구,정보보호,cisa,cissp,confidentiality,inspires,cyber,security,inspire,compliance,보안,정보보안,취약점,보안솔루션","보안관제운영,보안솔루션,기획관리,침해사고대응,취약점,보안인증,ISMS,엔드포인트,보안인프라,네트워크,모의해킹,DLP ,정보보안엔지니어,OracleDB,DRM개발,이벤트,로그,UTM,SIEM ,CC,IPS,방화벽,자동화툴,Python,Bash,PHP,Windows,IAM,Linux,정보보안기사,CISSP,오픈소스,통합보안로그,ELK,서버,AWS,클라우드,EDR,NAC,백신,DB 접근제어 ,트러블슈팅,snmp ,file,GIT,Confluence,Jira ,CISA,해킹,접근제어 솔루션,On-Premise,WAF,VPN,아키텍쳐,보안리스크,PIA,CPPG,정보유출,망분리,AV,PMS,EPM,syslog,이벤트티켓,SOC,모니터링,컴플라이언스,파싱,Arcsight,Splunk,사이징,서버엔지니어,EC2,ECS,AMI 관리,HCI ,스위치,네트워크엔지니어,효율화,DevOps ,구현방식,개발프레임워크,소스코드,DBMS,TCP,IP네트워크,유닉스 ,정보자산,ISO27001,F/W,CCNA,CCNP ,CERT,OpenSSL,서버접근통제시스템,ISMS-P,보안장비,GS,통합보안,차세대보안,이메일보안,GDPR ,카스퍼스키 ,Spring,Life-Cycle,WIPS,MSA,블록체인,Ipsec,FCNSP,정보통신,ITGC ,개인정보보호법,정보통신망법,보안감사,NHN,GCP,표준화,IEC,진단,위험평가,보안성,패치,APT,DDoS,침투테스"
14,클라우드 시스템 엔지니어,"python,cloudformation,iac,docker,kubernetes,prometheus,grafana,infrastructure,iacinfrastructure,인프라,클라우드,cloud,AWS,네트워크,보안,GCP,Azure","AWS,IDC ,Infra,Public Cloud,인프라 네트워크,네트워크 인프라,VPC,EC2,EKS,ECR,Redshift,MSK,Glue,EMR,RDS,Linux,windows,스토리지,네트워크,보안,GCP,Azure,쿠버니테스,EKS,New Relic,Shell Script,ISMS,Python,GPU,Docker,Kubernetes,배포,로깅,모니터링,컨테이너 오케스트레이션,Terraform,Ansible,MySQL,PostgreSQL,RDBMS,SQL,Grafana,Prometheus,클라우드 솔루션,아키텍처링,NginX,Tomcat,Redis Cluster,TypeScript,VueJS,비동기,API,Bash,PowerShell,IaC,k8s,MSA,Go ,Java,클라우드 인프라 엔지니어,클라우드 엔지니어,(클라우드/서버) 시스템 엔지니어, 리눅스 엔지니어,데브옵스/클라우드 엔지니어 (AWS),클라우드 엔지니어 (Cloud Engineer),[Cloud Service] 클라우드 Portal 서비스 개발 (FE 직무),[기술본부] 클라우드 시스템 엔지니어"
15,경영기획사무원,"경영기획,경영,사업기획,전략기획","경영기획,사업기획,성과지표,사업관리,시장조사,경쟁사,동향,마켓 리서치,인사이트,관리계획,전략기획,사업계획,예산수립,관리계획,지표분석,IR,논리적 사고,문장,장표,재무적 예측,파워포인트,컨설팅,예산,Brand,Performance report,관리회계,엑셀,손익 관리,커뮤니케이션,신사업,벤치마킹,Data 분석,리서치,Problem Solving,전략,기획,사업개발,KPI ,data,MS Office,데이터 분석,Excel,SQL,Tableau,전략과제,실행방안,경영실적,사업타당성,현금흐름,재무기획,이사회,주주총회,법인등기,경영기획,정성,정량,마케팅,BM,의사결정,회의체,MS Word,powerpoint,재무 보고 ,Financial reporting,Forecast modelling,경영기획 직원,[경영기획실] 경영전략 담당자,경영기획/관리,신사업 경영기획 담당자 (5년 이상),경영기획,경영기획(기획/전략),경영관리, 경영기획"
16,3D 그래픽 디자이너,"개발,네트워크,플러그인,웹소켓,AR,유니티,sdk,모션인식,모션캡쳐,모션,unity,unreal,게임,애니메이션,매핑,미디어콘첸츠,uxit,sketchfigma,상세페이지,굿즈,디자인,포토샵,일러스트,인디자인,3D 디자인,3D Max,3D 모델링,3D 렌더링, Unreal Engine","Unreal Engine,브랜딩,Adobe Photoshop,Adobe Illustrator,스케치,Maya,Zbrush,3D,리소스,디자인 ,모션캡처,Cinema 4D,Octane Renderer,After Effects,프로젝트 ,연출,Zeplin,그래픽 디자인,3D모델링,3D 렌더링,Adobe XD,Figma,AR,VR,3D Max,Blender,모션 그래픽,아트워크,키비주얼,텍스쳐링,라이팅,렌더링,Standard,octane,프로토 타이핑,인터랙션 가이드,컴포턴트,인터랙션 디자인,인터페이스,Virtual Huamn,3ds MAX,페이셜 커스터마이징,애니메이션,Rig,Arkit Face 52,리깅,Blend shape,JIRA,캐릭터 모델링,텍스처,리소스 최적화,하이폴리곤,unity Shader Graph,프리 비주얼라이제이션,에셋 모델링,룩 디벨롭먼트,에니메이션,Substance painter,AR/VR,유니티,Unity,메타버스,MX,Metaverse Experience,콘텐츠,3D Art work,모션그래픽,라이브러리,Motion Graphic,Octane,Abode CC,VFX,X-particle,Turbulence FD,Realflow,Houndini,protopie,Asset,Riging,Marvelous Designer,unity,unreal,Redshift Render,Nuke,premiere,캐릭터 에니메이션,FX효과,FX소스,FX시물레이션,FX 타이밍,Unity 3D,UGUI,이펙트,UIFX,URP Shader,모션,Virtual Influencer,캐릭터 IP,일러스트레이션,에셋 관리,Previsualizzation,Camera layout,Previz,프리비주얼,파이프라인,매트페인트,매트페인팅,아바타,PBR 쉐이더,모델링,쉐입,NFT,UE5,UE4,PBR,키아트,컨셉아트,비주얼 디자인,시즈널 이미지,무드보드,컨셉보드,키비주얼,MODO,CLO3D,그래픽 리소스,SpeedTree,Substance designer,World Machine,Quixel Mixer,Web GL,언리얼 3D 디자이너,3D 모션그래픽 디자이너 팀장,3D 아트웍 및 프랍개발 (Unity3D/Unreal),Graphic Designer(3D) [크리에이티브팀],Product Designer (Interaction),3D 리깅 아티스트,3D 캐릭터 모델러,3D 아티스트,게임 3D 디자이너,[MX]3D 모션그래픽 디자이너,3D 캐릭터 모델러 / 캐릭터 Rigger/3D 배경 모델러/애니메이터,[Mergerity] 모션그래픽 디자이너,FX 아티스트,이펙터 (캐주얼 액션게임),3D Character Modeler/Animator,[Creative] Layout Artist (3년 이상),[Creative] Matte Painter (3년 이상),[NFT Metaverse Dept.] Character 3D Art (Character Modeler),[NFT Metaverse Dept.] Environment 3D Art (World Modeler),[Creative] Sr. Visual Designer (6년 이상),[SINPLE] Sr. 슈즈 3D모델링 디자이너 / 3년 이상,[3d 모델링] 배경 모델러"
17,QA 엔지니어,"검수,보안경,팔레트,포장기,테이핑,물류창고,유저케이스,품질보증,레포트,오류,테스팅,품질,QA,테스트,QA 프로세스,테스트 케이스, Selenium","테스트,결함 보고,분석,추적,테스트 프로세스,테스트 고도화,QA,Native App,WEB,테스트 계획,테스트 케이스,애자일,스크럼,API,자동화 테스트,ISTQB,CSTS,Use case,Test Case,QA 프로세스,서비스 QA,Test Plan,Test Cse,Selenium,Appium,CSTE,Test Framework,E2E,자동화 구축,버그 픽스,보안,성능,사용성,Java,Python,데이터베이스,네트워크,운영체제,품질 향상,리뷰,피드백,이슈 관리,유지 보수,Web,Application,테스트 설계,CI/CD,API,postman,jmeter,clarles proxy,chrome inspector,tester,javascript,sql,APM,testrail,testlink,호환성테스트,BTS,버전,리그레션,모니터링,F/U,버전 관리,프로젝트,TDD,BDD,ad hoc,엣지 케이스,오류,QA 엔지니어[QA팀],QA 엔지니어,QA 엔지니어,QA 엔지니어,[IT인프라실] QA 엔지니어,QA 엔지니어,QA 엔지니어,운영 QA 엔지니어"
18,UIUX 디자이너,"pc,mobile,웹사이트,제작,유지관리,모바일웹,adobe,pc,모바일,디자인작업,브랜드브랜딩,와이어프레임,제플린,일러스트,포토샵,웹앱,uiux,uxui,화면,로고,BI,visual,디자인,서비스,가이드라인,포트폴리오,디자인툴,prototyping,appweb,illustrator,photoshop,gui,인터랙티브,uigui,sketch,adobe,프로토타이핑,프로토타입,UIUX,UI/UX,UX,UI,UI 디자인,UX 설계,사용자 경험,Figma,Zeplin","prototyping,UX 설계,UI 디자인,디자인 트렌드,Figma,UI,UX,user Flow,MVP,웹 퍼블리싱,A/B test,디자인 리서치,스프린트,애자일,Photoshop,Illustrator,Sketch,Zeplin,사용자 경험,서비스 디자인,컨셉 수립,프로토타이핑,디자인 시스템,컴포넌트,사용자 인터뷰,정량적 데이터,정성적 데이터,반응형 웹,믹스패널,GA4,SQL,멀티플랫폼,기능 정의,화면설계서,XD,Adobe,그래픽디자인,레이아웃,애프터이펙트,서비스 기능,마켓 리서치,사용자 정의,서비스 시나리오,Workflow,wireframe,GUI,디자인 가이드,데이터 분석,Lo-fi,Hi-fi,모바일,웹 ,피그마,adobeXD,포토샵,일러스트레이터,Mobile Web,App,반응형 웹디자인,html,css,와이어프레임,서비스 화면,기능 기획,분석 트래킹,Amplitude,AOS,iOS,UX/UI 디자이너,UI/UX 디자이너,UX/UI디자이너,UI/UX Designer,프로덕트(UX/UI) 디자이너,UI/UX 웹 기획자,UI/UX 디자인,UI/UX PL,UX/UI 주니어,UI/UX 디자이너,UX 디자이너"
19,RA(Regulatory Affairs),"mfds,ind,승인,협업,gap,신약허가,임상시험승인,시험기관,수입허가,제도,대응,의약품,인허가,규정,준수,규제,미허가,ra,국내외,허가,해외개발,ema,규제기관,대관,FDA,식약처,GMP,ISO 13485, 규제기관, 허가, 임상평가, 시험승인","CE,FDA,규제기관,허가,EMA ,대관업무,WHO, PQ,모니터링,체외진단의료기기,임상평가, IRB,신의료신청,IVDR,IND,CRO,식약처,MDR,CAD,의료기기,규정,간호학,Immunoassay,PCR,CTD,감시,인증,미허가,샘플,국민건강보험공단,QA,GMP,ISO 13485:2016,MDSAP,임상평가,위험분석,사용성평가,해외허가,물리화학시험,미생물시험,바이오의약품,독소제제,NDA,신고,갱신,갭분석,NMPA,생물학적제제,MFDS,심사기관,임상기관,규격,의공학과,510K,원자재,벨리데이션,국내허가,CE,심평원,RA 전문가,KGMP,수입관리기준서,제품표준서,라이센스,신규품목,GxP,QMS,약사법,조율,소통,IND/NDA,의약학,약리학,API,Drug Product,해외규제,인증기관,치료재료,제품허가이력,임상레포트,CER,CSR,수입허가,신약개발,품질,GAP,제약,헬스케어,임상시험승인,신약허가,1상,비임상시험,항체의약품,GLP,GCP,품목신고,품목분류질,혁신의료기술,신의료기술,약사,nan,RA (경력 3년 이상),해외RA,RA팀 (안양 사업장 근무),임상개발팀 (의약품 RA) (사원 ~ 과장),Industrial Regulatory Compliance Specialist(RA),의료기기 QA/RA,해외인허가팀 (정규직),해외인허가팀 (정규직),인허가(RA)/ 팀원,의료기기팀,QA/RA (제약,의료기기) , RA/QA,Regulatory Affairs Associate (Manager) ,RA (Regulatory Affairs) ,등록팀 (RA),RA (팀원) (소속: RA/QA팀),RA,의약품 수입허가 RA Manager (경력 5년 이상),의약품 국내허가 RA Manager (경력 10년 이상),항"
20,감정평가사,"문화재관련,문화재보존처리,감정업무,건축감정,명품가격측정,직원감정교육,법원감정,감정보고서,감정,국제보석감정사,보석감정사,토지보상,영업보상,토지,소유자추천,수용토지,지장물,감정평가사,감정평가서,탁상감정평가,기초자료,부동산,현장조사,감정서,감정평가","감정서,탁상감정평가,현장조사,감정평가서,비지오,강의,연구,지장물조사,토지보상,주얼리판매,보석,국제보석감정사,디자인,주얼리 제작,감정평가조사업무,담보물,외부감정평가,법원감정,명품감정,건축감정,문화재보존처리,평가법인,수수료,일반거래,보상,소속평가사,문화재 보존과학,문화재 보존처리공,연구개발,수습감정평가사,부동산,지장물,기초자료,감정평가법인,작성,감정평가,그림작업,접수,도면,전산자료,문서관리,온라인,강의 촬영,영업보상,소유자추천업무,토지,수용토지,보석감정기능사,보석감정사,GIA,GG,귀금속보석판매사,주얼리,금속공예,CAD,CAM,라이노,다이아몬드,바잉,런칭,통관,수출입,공방,나석,주얼리 기획,조사가액산출,감정평가법인,감정평가기관,수익성,담보가치,빅데이터,담보,건설,건축기사,명품,매입,위탁,직원감정교육,건축,적산,공사비산출,안전진단,기술지원,건축공무,하자진단,명품검수,중고 명품,정가품,검수,책정,발송,전례등록,대형감정평가법인,비지오 도면,문화재수리기능자,문화재수리기술자,문화재,컨서베이터,문화재보존가,보조,보상평가,무형자사평가,경매평가,소송평가,지원업무,전산,경매,탁상,현장출장,시가감정,편집,금융권,영업관리,현장 실무,탁상입력,비지오작업,도면작업,도면작성,일반감정,특수감정,감정평가의뢰,제반업무,어업손실보상,Visio,분석,부동산 현장조사,탁상감정,평가서,감정서,캐드,수습평가사,(주)가온감정평가법인 경기동부지사 감정평가직 경력직 채용,(주)삼창감정평가법인 본사 - 평가지원팀 채용 공고,[주2,3,일근무]감정평가보조 업무 현장 직원 모집합니다.,(주)감정평가법인 대일감정원 경기동부지사 감정팀 채용공고,감정평가업무보조 행정전산직 채용 공고,감정평가사 온라인 강의 강사 모집,부동산감정평가 현장조사직 직원 채용 (경기도 구리 근무가능자),토지보상관련 지장물조사 담당(감정평가등 보상관련직종 유경험자 우대),호암감정평가법인에서 영업사원을 모집합니다.,(주)골든듀 세일즈프로 채용 - 서울/경기지역,태국 방콕 지노잼 보석 매장 판매직 채용,보석전문가의 길을 걷고자하는 신체 건강한 남녀 가족을 찾습니다.,(주)골든듀 AMC 로제도르 주얼리 디자이너 채용,주얼리 제작 및 바잉 (대리-과장급) 유통대기업,감정평가 조사업무(탁상감정 가능자) 직원모집,2022년 감정평가사 경력 채용,[주담대스튜디오] 주택담보대출 담보 및 감정평가 기획 담당자,건설 법원감정 실무자/건축시공 기술자(경력직) 모집,[MEVENT 명품편집샵] 명품감정사 경력직 채용,건축관련 법원감정업무 신입 정규직 채용,문화재보존가(컨서베이터) 신입/경력 정규직 채용"
21,경영컨설턴트,"기술혁신정책,발전전략,연구개발사업,기관평가,jv,지분투자,투자수익성,자문사,nba,자문,투자,pe,vc,경영컨설턴트,마케팅전략수립,수행,시장조자,경영평가,조직진단,중장기,발전전략,행정조직,보수체계,컨설팅,경영분석,증권,보험,대출,사업계획,재무실사,가치평가,pmi,investment,bank,ipo,기업구조조정,증권사,ib,경영컨설팅,M&A,사업제안서,전략수립,재무총괄,전략기획총괄,경영기획,재무전략,marketing, business, economic","기업,재무,회계,인사,미래비전,유통,분석,해결방안,추진목적,컨설팅,예산,간이제안서,사업제안서,인터뷰,워크샵,벤치마킹,경영진단,교육,지도,문제점,경영학,경제학,인수합병,M&A,인적자원관리,인적자원개발,경영여건,프로그램개발,직무분석,노사관계,경영비전,재무기획,경영기획,사업기획,경영분석,경영컨설팅,세무컨설팅,전략기획,사업기획,투자업무,사업계획 수립,재무실사,가치평가,기업구조조정,상경계열,매출분석,실적관리,손익분석,KPI 수립,원가분석,사업기획 업무,경영평가,조직진단,중장기 발전전략,성과보수 체계,만족도 조사,민간기업,공공기관,보수체계 설계,교육과정 개발,리서치보조,마케팅전략수립,산업공학,자료처리,보고서 작성,인증컨설팅,현장실사,PPT 제안서 작성,경영분석가,경영자문가,상담,자문,딜 검토,자산매각 검토,성장전략 수립,PMI,PMI 전략,자산평가 업무,관리업무,영업활동,서류작성,통계작성,영업문서작성,영업결산,실적결산,유통지원,전산처리,매출정산,후선지원업무,홍보,교육,글로벌 마인드,펀드 투자,투자 프로세스,투자수익성,자문사,지분투자,HR컨설팅,컨설턴트,타당성 분석,사업전략,경영전략,R&D,연구기관,발전전략,개선방안 수립,HRM,HRD,HR컨설팅,인사기획,평가,보상,전략적 인적자원관리,전략적 HRM,경영전략 및 M&A 경력직 채용,사업기획팀,영업부,신입 및 경력직 경영컨설턴트를 모집합니다,경영컨설턴트 및 기획사무원 신입&경력직 수시모집,경영컨설턴트 신입 및 PL,PM가능한 경력직(정규직) 모집,M&A/딜/기업가치평가/애널리스트/기업인수합병,경영기획실 기획팀 채용공고,M&A, 사업개발, 신사업, CVC, 투자, 팀장, 지주사, 화학, 바이오,영업지원,경영전략/사업전략/타당성 분석 컨설턴트 모집,기술경영 컨설턴트,전략적  인적자원 관리"
22,경제학연구원,"경제전략,자산시장,경제학과,경제현안,자산시장,경제통계,경제분석,거시경제,경제성장률,경상수지,소비자물가,경제,거시경제변수,공공기관,민간단체,수탁,연구사업,노동관련,연구사업,일정관리,예산관리,인적관리,자산건전성,건전성,대외환경,대손충당금,리스크관리,리스크,경영전략,은행경영,미래전략,금융시장,디지털금융,북한경제,경영환경,계량경제,재무론,미시경제,화폐금융,STATA,금융혁신","계량경제,재무론,미시경제,화폐금융,STATA,금융혁신,연구자료,데이터 수집,분석,사례연구,자료검색,디지털금융,인터넷은행,핀테크,디지털화,머신러닝,빅데이터,통계분석,경영전략,자산건정성,리스크관리,엑셀,SQL,정책대안,노동관계,연구방법,연구수행,정성 자료,정량 자료,데이터 수집,분석모형,분석기법,거시경제,동향,경제정책,경제 현안,경제변수,경제성장률,경상수지,소비자물가,대응전략,의정활동,통계,계량분석,SAS,Eviews,MATLAB,R,통화,경제정책,패널,시계열,한국금융연구원 금융혁신연구실 연구원 채용 (2022.8.3(수)~8.9(화) 24:00까지),전문계약직(조사연구),리스크관리,연구위원 직군 (정규직),경제분석관,경제분석관 (일반임기제 5급),경제분석관보 (일반임기제 6급)"
23,금융상품개발자 ,"상품구조,담보개발,장기보험상품,개정전략,신계약가치,상품개정방향,장기상품,개발,약관,담보,신시장,협의요율,위험률,보험계리사,증권사,운용사,투자,ficc,외국계,선정산,데일리펀딩,상품,카드매출,상품,해외송금,금융상품,금융,핀테크","금융상품,금융,상품,핀테크,금융기관,프로세스,조견,신상품 기획,규정,지침,매뉴얼 수립,보고서 작성,출시,커뮤니케이션,도전의식,운영,은행,저축은행,캐피탈,카드사,IT서비스,신용분석사,여신심사역,선정산,신규 금융상품,신규 상품,상품 출시,개인신용 상품,카드매출,온투업,기획,증권사,운용사,PB상품 ,채권,펀드,외환,FICC,투자,리스크 관리,금융회사,수립,산업 리서치,산업 보고서,금리변동률,일반보험,상품개발,신위험률,협의요율,신시장 발굴,상품 이해능력,비즈니스영어,보험계리사,계리소프트웨어,장기상품,개발업무,담보개발,수익성,상품개정방향,경쟁력,신계약가치,상품기획,상품전략,수익성 분석,요율 산출,인가서류,상품판매 지원,창의적 사고,창의력,도전적 자세,Data Scientist,디지털 환경,트렌드 분석,사례조사,공시 업무,개발자,영업비용,회사이익,사회변화,예금,투자신탁,주식,채권,재정 설계,금리 리스크,금리,서비스,금융 신상품,피드백,상품개발부서,경제흐름,데이터분석능력,은행,증권회사,우체국,금융기관,적금,상품개발실,금융부채,지분상품,당기손익인식,개발,금융상품 기획 및 운영 Manager,금융상품 심사/운영,IT 개발 및 관리,금융상품 기획 및 운영,일반보험상품개발,장기보험상품개발,상품개발 담당자 (대리/과장급),일반 보험 상품개발 / 국내 금융사"
24,기계공학기술자,"동역학,응용 설계,유로해석,열해석","동역학,응용 설계,유로해석,열해석,요소기술,Laser,가공설비,광응용장치,부품설계,품질 평가,기구 설계,판금설계,사출금형,유동해석,열해석,구조해석,Solidworks,AutoCAD,구동부설계,회로 해석,현가부품,CATIA,부품 설계,해석,구조 해석,내구 해석,열유동,아바쿠스,하이퍼메시,플루언트,NVH,열관리,필드클레임,제조설비,Smart Factory,MES,SCADA,챔버 설계,ZIG  설계,Inventor 3D,AutoCAD,2D,ARM,Analog회로,Motor 구동,Power system,SMPS,디버깅,전자회로,회로이론,회로 설계,PCB,인허가,기구 설계,Solid works,Auto CAD,상세도면,사양설계,CVD,제작,테스트,CAD,ALD,Machining Process,Mechatronics,Autocad,3D 설계,Pro-E,안테나,필터,이동통신,금속제품,기술문서,스켈레톤,생산자료,Reactor,상세설계,Agitator,Pump,PDMS,해석,Laser 응용가공,기구설계,기구설계 (대리~차장),현가설계팀 ,해석팀,시험팀,설비기술팀,설계팀 (기구설계),HW설계 및 개발 ,기구설계 및 개발 ,기구설계,Machining Engineer,Mechanic,Mechanic,기계 설계 Mechanical Engineer"
25,노무사,"조직문화,관리,근로기준볍,노사,공인노무사,노무이슈,노동정책,변화관리,노사관계동향,노동관계법률,노사협의회,인사위원회,노무법인,노사,노사관계,노사문제,노동위원회,인사기획,인사제도,평가제도,채용","노동,노동관계,개선방안,근로자,법률문제,노동위원회,구제신청,대리업무,산업재해,임금체불 진정,체당금 신청,노사분쟁,조정,중재,정책자문,기업,노조,인사관리 컨설팅,노무관리 진단,노사컨설팅,단체교섭 대리,단체협약 분석,급여,4대보험,고용컨설팅,채용,모집대행,중소기업 지원금,신규고용촉진장려금,고령자 고용촉진 장려금,고용유지 지원금,노무사,인적자원관리,인적자원개발,관리자,경영여건,인사노무,노무이슈 대응,노동정책 변화관리,노사관계동향,노동관계법률 해석,예방관리 가능자,노사협의회,인사위원회 운영,공인노무사 ,노무법인,인사노무자문,임금아웃소싱,노동관련 사건,HR 컨설팅,ER,노동법령,근로환경,법률자문,사건대리,최저임금,부당해고,이슈대응,노무리스크 관리,대응방안 수립,노동환경 변화,구성원 고충처리,대외기관 대응,HRM,법률,법무,회계,노무전략 수립,단체교섭,노동정책 ,노동법,노동법 변화,근로감독,노조 대응,근로기준법,인사기획,운영관리,인사평가,원천세,연말정산 관리,정부지원금 신청,정부지원금 ,보수총액신고,퇴직연금,HRM 업무,급여아웃소싱,임금체불 ,대지급금,기업자문,직장내 괴롭힘,직장내 성희롱,산재,급여관리,체불,해고,연장수당,연장수당산출,노무법인,노동법,근로계약,취업규칙,체당금 ,산재보상,병원인사노무,보험,노조설립 대응,공공기관,ER담당(공인노무사),인사노무(ER) 공인노무사 3년이상,2022 경력 또는 신입 노무사 채용 공고,노무사,공인노무사 채용,사내 노무사,인사운영,인사/노무 경력직 채용"
26,로봇공학기술자 및 연구원,"로봇공학, 동역학, 메커니즘","로봇,기구학,동역학,Linux,C,c++,Python,git,버전관리,설계 문서,로봇 기구,구동 메커니즘,시뮬레이션,정적 분석,동적 분석,안전율,가동범위,파워,설계 이력,BLDc,모터,원천기술,3D,2D,FEM,산업기사,기계요소,공차관리,인체공학,기구 개발,모터,모듈화,표준화,회로,디지털,아날로그,신호처리,구동 메커니즘,전원관리,센서,인터페이스,EMI,EMC,내성 설계,인증시험,OVP,OVP,OTP,케이블,통신,Firmware,OrCAD,Altium,SBC,MCU,알고리즘,리눅스,LabVIEW,FPGA,NI cRIO,sbRIO,자율주행,Deep learning,인지 ,위치 추정,로보틱스,ROS,ROS2,CUDA,전장,전장함,PLC,EPLAN,펌웨어,Cortex,IAR,Embedded,IDE,CanOpen,Modbus,모션제어,Or-cad,PCB,모바일 로봇,4족보행,Lidar,GPS,서비스 시나리오,현장 테스트,그리퍼,브라켓,정렬장치,컨베이어,동작 및 시운전,CAD,CAM,로봇 오퍼레이션 시스템,로봇 제어 엔지니어링,기구개발 ,회로 연구개발 ,LabVIEW 개발 ,자율주행 엔진 개발,자율주행로봇 전장 설계,펌웨어 개발,로봇S/W 엔지니어,로봇 응용 S/W 엔지니어,로봇 응용 S/W FAE,자동화 기계/로봇 설계"
27,메카트로닉스공학기술자,"설계,제어,계역,eplan,전장,구동,nvh,열관리,실차,기계공학계열,공정,설계도면관리,공정도면,역설계,제조원가,자동화설비,mechatronics,기계,설계프로그램,응용장비,반도체후공정,장비,검사장비,응용장비,자동화장비,기계공학,생산설비,컨베이어,기계,메카트로닉스,협동로봇,robot,지멘스,개발,엔진,시운전,설비,전기모터,자동화,라스트마일,로봇,EtherCAT,모터,설비,설계,개발,설비엔지니어,물류장비,물류 자동화","설비엔지니어,물류장비,시운전,물류 자동화,AGV,3D Tool,INVENTOR,엔진 조립,테스트,시운전,전기모터,배터리,연료전지,협동로봇,Universal Robots,UR+,PLC,산업용로봇,C,PLM ,증착장비,2차전지,컨베이어,메카트로닉스,EPC,Engineering Procurement Construction,MFC,검사장비,레이저,응용장비,자동화설비,기구설계,하드웨어,기술문서,생산자료,스켈레톤,양산진행,영상장비,금형 설계,구동 장치,의료기기,Solidworks,AutoCAD,트러블슈팅,공정 셋업,C/T 개선,SMT,AOI,솔더링,로봇 자동화,시제품,설계도면관리,양산,고객지원,제작 가능성,제조원가,견적,역설계,공정분석,공정 설계,공정도면,양산 이관,SOLIDEDGE,컴퓨터응용가공산업기사,작업절차서,3D CAD,정밀 메카트로닉스,Mechanical Engineering,기계 엔지니어링,레이아웃,도면,전력기기,메커니즘,Actuator,컨트롤 밸브,Soter,BCR,Auto Labeller,제조기술팀 (설비엔지니어),기구설계1팀,엔지니어 (프로젝트 매니저),엔지니어 (Robotics 엔지니어),기구설계,SW개발,FA자동화 유지보수 및 셋업,연구개발 (R&D),기구설계,생산기술 (신입),쿼츠 제품개발,자동화설계,기계분야,컨트롤 벨브용 전동 Actuator 설계 및 제품 개발,자동화 설비 엔지니어"
28,물리학연구원,"계산과학분야,복잡계,수리생물학,단백질접힘,광역최적화,신물질,나노,재료물리,생물물리,조합론,그래프이론,전산이론,양자물질,양자정보과학,계산과학분야,양자정보과학,양자컴퓨팅,양자통신,양자계측,양자정보이론,가속기,통합제어시스템,인프라시스템,가속기,인터락,보호시스템,빔운전,초전도,가속관,커플러,초전도가속관,커플러,진단장치,신호처리계,중이온가속기,tca,신호측정,진공장치,통계학,확률,수치해석,matlab,fortran,광학,레이저,공정개발,디스플레이,데모,성능,기술지원,afm,laser,광학계,설계,장비,개발,uled,셋업,ela,llo,flc,glc,물리학","조명,광학개발,비전개발,조명개발,광학설계,프로그래밍,Laser,레이저,응용장비,광학계,Trench,uLED,ELA,LLO,FLC,GLC,AFM,장비 데모,성능 평가,기술지원,신기술,마스터플랜,NPI,보고서,유효성 검사,반도체,디스플레이,레이저 응용,공정개발,광학설계,2D도면,줌렌즈,열상,CODE,ZEMAX,AutoCAD,방산제품,컨설팅,SEMI 평가,FAE,리소그래피,웨이퍼,FSE,계측 장비,PCB,극미량 분자분광,가스,제품평가,태양광,페로브스카이트,TCO,Metal Oxide,Sputter,광전변환소자,스퍼터,박막형 전자소자,태양전지,ETL,HTL,진공증착,OLED,DPSS,광원 개발,데이터 분석,데이터 해석,MATLAB,광학 검사,이미징 시스템,측정 시스템,C,MFC,광전자,양자컴퓨터,Quantum Researcher,양자컴퓨팅 알고리즘,Qiskit,PeeyLane,Cuamtum Computing SDK,Python,양성자,우라늄,이온,희귀동위원소,고에너지,대전류,동위원소 생성방법,재료,물성과학,가속기,빔운전,초전도 가속관,커플러,빔 진단장치,신호처리계,진공시스템,중이온가속기,빔광학,Linux,임베디드 시스템,장치보호시스템,전자기학,전자회로,RF,빔물리,ISOL,플라즈마이온원,FEBIAD,감마선,하전입자 ,EBIS,전하증식기,핵물리실험,입자물리실험,핵반응,고방사선,고출력 레이저,극초단 레이저,열적 현상,펄스 ,광학계,열역학,재료역학,초고속광학,양자광학,기하광학,계산과학,양자정보과학,양자컴퓨팅 알고리즘,양자통신,양자계측,양자정보이론,암호학,데이터 과학,복잡계,수리생물학,광역최적화,정보 과학,나노,재료물리,생물물리,조합론,그래프이론,알고리즘,전산이론,조명/광학개발 신입/경력 0명,[공정기술팀],[중견상장사] 연구용/ 산업용 응용기술팀 신입~5년 ,Development Engineer (R&D 기획)  채용직급 : 주임-과장급,Lead Engineer  - 채용직급 : 과-차장급 -근무지 : 용인 본사 (처인구) => 2023년 하반기 충남 아산 이전 예정,공정개발,[광학설계],기계안전인증 컨설턴트(신입) ,[외국계 반도체] FAE 모집(동탄) ,연구개발(화학/분석,[태양광대기업] 페로브스카이트 대면적 스퍼터 증착 공정 부문 ,레이저 개발 신규 인력 채용 ,CGMS 데이터 분석,제품(조명) 엔지니어 신입 0명,상시채용] Quantum Researcher ,[기초과학연구원] 중이온가속기연구소 정규직원 채용공고,실험장치 개발 및 운영분야,고출력 극초단 레이저 증폭 기술,광섬유 레이저 기술(원급),2022년 하반기 한국과학기술원 부설 고등과학원 양자우주연구센터 QUC 펠로우 모집 공고(양자정보과학분야),계산과학"
29,반도체공학기술자 및 연구원,"심볼,안전회로,전장,진공,rf,plc,반도체,설계,설비,장비,제어,반도체용,플립칩,wlp,동종업계반도체,asic,frontend,synthesis,sta,upf,pcienandphy,finfet,pmic,sustain,cc,반도체,RTL,Silicon,ISP,synthesis,simulation,macro,micro,아키텍처,ASIC,SOC,FPGA,Verilog,HDL,EDA,RTL","RF,진공 설비,Schematic,전장,심볼,제어회로,배치도,PLC,반도체 장비,제어 부품,전력 용량,전장 회로도,CCSS,SLURRY,반도체장비,ERP,TOUCH,Omron,자동화설비,RF HW,공정용,Power Amp,HF/VHF,고속용 PCB,증폭기,VI 센서,공진형 네트워크,AMP,ADC,DAC,FPGA,Verilog,SSD,DRAM,NAND,Water Tester,Interface protocol,Form Factor,메모리,LPDDR,GDDR,FLASH,Linux,C language,C,회로,도면설계,Pannel,Wire Harness,Controller,Auto CAD,Eplan,반도체 테스트,반도체 회로분석,전자회로,MCU,반도체 공정,PMIC,SOC,T2K,ETS364,UFLEX,TEST,PGM,스크러버,유지보수,반도체,전장/ 제어설계,자동제어,연구개발 부문 (경력),H/W개발,ㆍ반도체 장비     HW개발,반도체 및 전자회로,반도체 TEST 엔지니어 (O명),반도체 유지보수"
30,보험 모집인 및 보험설계사,"요양,보험심사청구,장기보험,손해사정,기업모험,원보험,재보험,설계사,보상처리,고객,다이렉트,상품가입,가입설계,보험컨설팅,상담,고객관리,가입고객,기존보험,보험금,지급심사,보험자문,신용보험,보증보험,계약관리,보험중개사,대물보험,손해액,보험사고,보험약관,금융보험,손해사정사,장기인보험,심사,단체보험,신체손해사정사,의무기록사,보험,보험설계","보험설계,보험금지급심사,손해사정,정보입력,보험중개,지급심사,고객관리,보험업무,계약관리,보험영업,재무설계,기업보험영업,원보험,기업리스크,단체보험,경영기획,재보험중개,갱신,계약이관,보험청약,운전자보험,장기보험심사,재물보험심사,보험심사청구,서면심사자,보험심사,재정,세무정보,CS,세일즈리더,보험분석,보험상품,가입설계,재물,대물,서면심사,금융,인보험금,손해사정사,신체손해사정사,의무기록사,건강보험사,생명보험,보험청구,보험금,보험약관,현장조사,배상책임보험,재물보험,대인보험,SOC,매출채권,신용보험,보증보험,임의재보험,출재,재보험,해상재보험,MP,신체보험,단체상해보험,손해액,보험사고,손보사,생명사,재물손해사정사,병원조사,대인손해사정사,대인배상책임보험,대물손해사정사,보험자문,금융정보,고객케어,증권 전달,보험컨설팅,기존보험,보상,청구,장기보험,화재보험,보험세일즈,자동차보험,의무보험,보험상담,기업보험,법인보험,손해보험중개,원보험중개,출재,특약,대인손사업무,클레임,아웃바운드,인바운드,갱신관리,손해보험,일반보험,계약체결,Up-Selling,의료기관,산정,지급,면책,청구업무,심사부,수납,외래,진료내역,영수증금액,전자의무기록,EMR,OCS,보험수가,인력신고,차등제신고,재원심사,퇴원심사,삭감분석,사전심사,청구대행,보완청구,재청구,삭감분석 통계,해외보험,해외재보험중개,금융감독원,원수보험,보험중개법인,엑셀금융서비스 보험분석, 재무설계, 보험설계 , 세일즈리더,[KG손해사정(주)] KB손해보험 전속법인 부문별 신입/경력 채용,해성손해사정(주) 하반기 부문별 공개채용,에이원심사손해사정(주) DB손해보험 심사/정보입력 팀원채용,TRC 손해보험중개(주) 경력직 채용공고,지사별 지급심사/콜센터 부문 신입 및 경력직 공개 채용,보험설계, 보험영업 외 신입/경력 프리랜서 채용,메리츠화재해상보험(주) 보험업무, 보험설계 외 신입/경력 프리랜서, 위촉직 채용,DB손해보험 고객상담 및 가입설계 모집,보험설계사, 보험영업 신입/경력 프리랜서 채용,법인대리점 보험/재무설계사 채용,KB손해보험 법인보험영업 신입 및 경력자 모집,PIS보험중개 [신입/경력] 해상.재보험 업무 담당자 채용,[외국계 보험중개사] 기업 리스크 팀  Account Executive (부장급),[외국계 보험중개사] 단체보험 팀 TBS Administrator (대리급),총무, 경영기획 외 경력 정규직 채용(보험중개사),TRC손해보험중개(주) 경력직 채용공고,PIS보험중개 [신입/경력] 보험 계약관리 담당자 채용(보험계약/클레임),(주)어센틱금융그룹 보험대리점 본사 계약관리 담당자 채용,법인보험대리점(GA) 지점총무 채용 - 생명/손해보험 사무직 경력자 우대,[AXA손해보험] 강서 신입 영업 상담원 채용(12기),[KB손해사정] 장기보험심사/재물보험심사 신입사원 채용,[KB손해사정] 장기보험심사/재물보험심사 신입사원 채용,의료기관(병원) 보험심사청구 컨설턴트 모집"
31,빅데이터분석가,"개발,spark,hive,fds,통계분석,알고리즘,insight,foresight,파이프라인,머신러닝,수집,지표,추출,ops,파이프라이닝,acquisition,activation,retention,가설,crm,segmentation,rfm,scm,dashboard,라벨링,엑셀,minitab,데이터,Python,R,SQL,코호트,스크립트,통계,빅데이터,데이터 라벨링","데이터 라벨링,Minitab,Mixpanel,Tableau,DB Ops,SQL,커머스 퍼널,지표,CRM,RFM,SCM분석,Dashboard,BI ,ORACLE,MS-SQL,Query,딥러닝,Python,R,Excel,시각화,추출,정제,핵심 지표,퍼널,리텐션,코호트,A/B 테스트,데이터 수집,머신러닝,Scrapy,Selemium,크롤링,파이프라인,GA,AARRR,Funnel,마케팅 지표,AWS,GCP,BigQuery,Google Analytics,Tensorflow,Pytorch,데이터 정제,수집 프로세스,데이터 처리,RDMBS,스키마,정형 ,비정형,power BI,사용자 행동,추적 스크립트,시각화 자료,Adebe Analytics,Firebase,Datastudio,인포그래픽,데이터 시각화,AI학습 데이터 라벨링 경력자 모집 ,[윙잇] 데이터 분석가,[금융정보제공] 데이터공학, PL/SQL, ORACLE 경력 팀원급 ,잡플래닛 데이터 분석가 ,데이터마이닝 / IR 부분 담당자 [신입/경력],[캐시워크] 데이터분석가 ,AI 알고리즘 및 데이터 고도화담당 (파견가능인력-원주 8개월) ,인공지능(AI) 데이터 분석 ,[PTKOREA] 디지털 미디어 데이터 분석가(Data Analyst/계약) "
32,상품기획자,"상품기획,미디어커머스,사업관리,사업기획서,기획서,알리바바,상품,발주,머천다이징,상품운영,온라인몰,프로모션,마켓트랜드사용자경쟁서비스,아젠다,이커머스,van,pg,결제서비스,스몰스,데이터기반,스토리보드,리테일,세일즈,제품,제품소싱,상품기획,시장동향,구매패턴,MD,마케팅","시장,시장동향,상품기획,상품,소비자,구매패턴,소비유형,취향,조사,분석,상품개발,개발,제조업체,계약체결,특정상품,서비스,판매수준,소비자평가,경영,경제,무역,MD,의류,유아용품,상품개발 담당자,마케팅 전문가,바잉MD,영업MD,의류MD,패션기획MD,스포츠MD,패션플랫폼,싱품MD,유통업,무역업,수입유통,OA활용,비즈니스 영어,발주 업무,온라인MD,쇼핑몰,오픈마켓,소싱,상품소싱,주얼리,재고관리,상품 관리,가격조사,유통MD,기획서 작성,사업기획서,사업관리,시즌 상품,시즌 상품기획,시즌 트랜드분석,전략 수립,아이템 개발,발주물량관리,운영계획,판매분석,매출목표,상품원인분석,상품기획MD,포토샵,Excel,프로모션 기획,시장조사,브랜드 마케팅,상품관리,소셜커머스,전자상거래,미디어커머스,온라인 커머스,디지털 마케팅,화장품,손익관리,제품전략 수립,구글스프레드시트,식품 트렌드,소진율 관리,원가율,판매,환불율 분석,사업관리,조직관리,사이트관리,리테일MD,브랜드확장,커뮤니케이션,싱픔재고 관리,매출관리,매출분석,통계분석,온라인 산업,스마트스토어,운영전략,판매현황 분석,상품최적화,키워드 광고운영,바이럴 마케팅,상품 SEO,세일즈 전략,플랫폼,상품 포트폴리오,AMD,자재관리,BM,브랜드매니저,아이템선정,브랜딩,행사기획,비즈니스마케팅,상품 기획MD,상품소싱 MD/AMD 정규직 채용,ㆍ온라인 상품 등록 및 수정 ㆍ자사몰 및 외부몰 관리 ㆍ서류 작성 및 관리 (문서 보조,사무 보조) ㆍ영업지원,오픈마켓 입점 상품관리 MD 채용,상품기획, 온-오프라인MD 채용,스포츠 의류 상품기획MD 모집,상품기획 MD, 온라인 MD 모집  ,뷰티화장품 BM (기획MD),의류 잡화 상품 기획 MD 모집합니다.,간편식(HMR) 상품 개발 MD 상시 채용,andar 상품기획MD 경력 채용,스킨케어 랑벨 브랜드MD,온라인 MD 모집,PB 상품기획 MD (밀키트/식단관리)"
33,석유화학공학기술자 및 연구원,"아크릴,폴리에스테르,우레탄,합성,유기합성,타이어,고무첨가제,화학고분자,황산화물,전처리탈황제,gts,화력발전소,환경규제,실리콘,화학제품,실리콘,개발,재료공학,화학공학,방열기관,방열,기판,전해액,첨가제,이차전지,신소재,합성,시약,유기합성,정제,고분자,고분자공학,물성,해석,유변학,폴리올레핀,pilot,plant,합성,전산유체역학,cfd,에너지시스템,화학공학,공정시스템,석유,폴리머","폴리머,화학공학,PE,유기금속 ,유기합성,유기반도체,유기태양광,OLED,폴리올레핀,전해액,실리콘,유기실란합성,신소재,고분자,도료,코팅,유화,화학공학,R&D,합성,고분자,합성연구,cloumn,정제,Impurity,Si3N4,수지,유기합성설계로,유기화학,GPC,HPLC,GLC,재료공학,화학,합성기술,천연고분자,정밀화학,디스플레이,방열,공정, CFD,전산유체역학,촉매,모델링,유변학,재료공학,설계가능자,분석화학,촉매필터,실리콘 ,고무,유해화학물질,폴리머,플라스틱,화석연료,황산화물,에폭시 ,우레탄,실란,실리카,Composite,아크릴,폴리에스테르,고무첨가제,타이어,모노머,올리고머,수분산,유무기,공정개발,고분자소재,물리화학,재생소재,재료연구,미세분말,입자나노코팅,표면처리,복합 pp,유기반응,compounding,소재,촉매활용,폐플라스틱,열분해유,해중합,분리공정,물성,석유,환경공학,공업화학,기계공학,고분자공학,메탈로센,유기금속촉매,중합연구,유기금속화학,EPDM,경화제,페놀,아세톤,PU, R&D Center 신입/경력 연구원 모집, R&D Center 신입/경력 연구원 모집, R&D Center 신입/경력 연구원 모집,합성연구보조원 ,기술연구소,개발,연구개발 팀장,R&D 연구 개발자,유기합성설계부,기능성코팅 유기합성부,환경시험부(환경화학) ,(주)케이피텍 기술연구소 R&D 연구원 경력직 채용,R&D ,연구 개발,[상장사] R&D 연구원, 생산관리팀 신입 사원 모집 ,연구 개발 R&D,강진 R&D연구소 (연구원),Technical Manager,정밀화학 연구원,미원스페셜티케미칼 충주공장,미원화학 탄천연구소,연구,기술연구소 연구개발팀 연구원,chemical recycling 공정 개발,메탈로센 촉매 합성 연구,신소재연구"
34,손해사정사,"상담심사,승계,승계처리,고객,응대,신체손해사정사,보험금,청구,약관상,면책,고객,금융보험학,대물보험,사고조사,손해액,보험사고,고객면담,보험사고,보험약관,손해사정사,재물손해사정사,인보험,지급업무,금융보험,보험금,보험심사,손해사정","보험금,보험금 심사,보험금 지급,서면심사,손해사정,손해사정사,보건행정,금융보험,인보험,손해사정사 1종,재물손해사정사,신체손해사정사,대물배상,재물 조사자,건축,토목,조경,도시공학,간호학,임상병리학,재활치료학,재물보험,재물,대물,사고조사,손해액,손해액 산정,현장조사,고객면담,보험약관,보험볍률,법학,자동차 관련,기계설비,대인손해사정사,간호,의료,방사선사,간호사,대인배상책임보험,단체상해,단체상해보험,보험사고,서면조사,유선면담,신체,4종 손해사정사,신체보험,손보사,생명사,사고,사고접수,정보입력,전산,보험사고,보상청구,사고원인,보험금,산출,분석,정리,손해발생,관계법규,적정가격,보상범위,판례,사례,타당성,협의,자동차보험,보험업법,보험계약법,해상보험,특종보험,화재보험,적하보험,항공보험,운송보험,금융,의무기록사,치위생사,치위생학과,치아보험,보험금 산정,선박,책임,생명,보험인수심사원,보험 할증금,보험보상심사원,금융보험학,보험금 청구,면책여부 판단,고객 안내,고객 응대,건축학과,토목공학과,공학계열,건축기사,토목기사,배상책임보험,금융권 상담,상담 경력,승계처리,구비서류,상담심사,자동차금융,서면심사(소액),서면심사(중심도), 대물배상/재물 조사자 채용,손해사정 접수 및 정보입력 팀원,재물/대물 손해사정 조사직 손해사정 조사직,대인손해사정 조사직,신체손해사정 조사직,재물손해사정 서면심사직,단체상해 서면심사직,보험금 서면심사 ,치아보험 심사,배상책임보험 서면심사 (팀원),인보험 서면심사,현대해상 전속법인 인보험 서면심사 (소액지급심사) 경력직 채용,현대캐피탈 Auto자산운영팀 상담심사 계약직 채용"
35,수학·통계학연구원,"sql,python,통계,선형대수학,데이터마이닝,데이터,수학,통계,데이터사이언스","데이터,SQL,R,Python,다층 데이터,그래프 이론,융합적 통계,통계,의학통계,전산통계,응용수학,데이터사이언스,데이터 관리,전처리,데이터 분석,시뮬레이션,통계이론,보건통계,환경보건,SAS,빅데이터,STATA,SPSS,R,VBA,엑셀,데이터 수집,데이터 관리,에디팅,통계 수집,통계 패키지,추정,통계 이론,CMC,공정 ,분석법,연구개발,품질 관리,실험분석법,다변량,품질경영기사,CRF,DMP,데이터 모델링,파이프라인,데이터마이닝,알고리즘,분석 파이프라인,생명정보학,생물정보학,Bioinformatics,Linux,NGS,코호트,: 채용연계형 겨울 Tech 인턴십 - 응용분석팀 Statistics/Analytics,석사 연구원 0명, 박사 연구원 0명, 박사 후 연구원 0명 ,연구원 통계․분석 (계약직,강북삼성병원 수원부속의원 행정직,【전문연구원(통계) 직무설명자료】,CMC 통계,CRF 디자인 및 CRF completion guideline / DMP/ Data validation 문서 개발 CRF 데이터 검토 데이터 검토 프로그래밍,데이터 엔지니어 (부산),생명정보학 전문가(BI) -암 재발진단 플랫폼 개"
36,식품학연구원,"제과제빵,케잌,브런치,메뉴,비건베이킹,메뉴개발,즉석조리식품,간편조리식품,개발,건강기능식품,식품영향,체형연구,프랜차이즈,식자재,외식,신상품기획,hmr,국탕규,국탕류,파우치,음료,가공식품,소스,시럽,음료베이스,향미유,식품관련,식품,스낵,쿠키,캔디,젤리,김치,농산물,발효식품,향신채소,식품가공학,채소류,원예학,농학,발효,대체육,식물성,고기,tvp,식물조직단백,단백질,신소재,식물성고기,protein,물성측정기,입도분석기,점도계,유기화학,생명공학,식품영향학,식품공학,전분,식물조직단백,식품학,식품공학","대체육 ,식물성,소재,식물조직단백,지방,단백질,Protein,전분,식품공학,식품영양학,대체육,특허,식품 공학,상온간식,곡류가공품,냉동간식류,식품공전,식품위생법,식품기사,식품산업기사,보건증,향신채소,농산물,가공품,식품가공학,발효공학,농학,원예학,생명공학,식품  원료,기능성식품,스낵,쿠키,캔디,젤리,영양학,신제품,패키지,표시사항,건강기능식품,표시기준법,식품개발연구,요리,가열살균,신선가공기술,드레싱,소스류,스프류,커리,미생물,비가열,소스,시럽,음료베이스,향미유,HMR,국탕규,파우치 음료,델리,분쇄가공육,양념육,프랜차이즈,시장조사,트렌드,신소재,상품분석,식자재,외식,이화학,제형연구,양조미생물,주류,유전공학,효소,전분,품질계량제,제과,조리사 자격증,즉석조리식품,간편조리식품,베이커리,디저트,제과제빵기능사,식품첨가물,조미식품,카페파우더,디저트까페,메뉴개발,제과제빵,브런치,케잌,비건베이킹,일반식품,식품소재,원료,식품공학과,식품연구소,해양학,계란,그래놀라,시리얼,영양바,메추리알,[R&D] 대체육 소재 연구 및 개발자,상온간식류연구개발 경력직,제품개발,농산발효식품연구개발 경력사원,연구개발팀,연구개발,건강기능식품, 일반식품 개발,[기술연구소] 식품개발연구,가공식품 연구 개발 소스 시럽 음료베이스 향미유 ,식품 연구개발 연구원 모집(HMR국탕류/음료),식품연구소,상품개발팀 (상품기획/개발마케터),연구소,제품 연구개발 인력채용,연구기획 : 효소제제 연구개발,소재과학연구소 : 전분,연구,식품(R&D) 식품개발업무,베이커리 ,식품첨가물 연구개발 경력직,메뉴개발,제과제빵 개발,건강지향(기능) 식품/ 일반식품 (HMR) 연구원"
37,신용분석가,"민사신청,민사집행,가압류,경매,전자소송,리스크관리,자금운용,자금운용역,신용위험분석사,신용관리사,기업신용분석,기업신용정보,신용정보회사,기업신용평가,금융채권,회수,채권관리,채권평가,채권매입,매각,채권배정,추심수수료,자산양수도,추심원,현대캐피탈,채권회수,방문추심,방문채권추심,차량할부채권,채권추심,신용관리사,부산은행,특수채권,신용관리사,미납채권,추심,미납안내,미납,신용분석,신용정보관리,신용정보","미납채권,특수채권,채권추심,캐피탈,차량할부채권,채권관리,신용정보관리,금융채권,기업신용분석,매입채권추심업,자산관리,신용 리스크관리,채권수주영업,신용정보,채권영업,채권 리스크관리,정상채권관리,법 조치,민사신청,전자소송,수임영업,수임채권,집행관리,아웃바운드,소비자금융 채권관리,미납안내,TM추심,오토,방문추심,채권회수,상각채권,채권기획,채권평가,채권매입,채권매각,채권배정,목표설정,추심수수료 ,산출,채권추심 관리,자산양수도,투자약정서,투자기관,추심원 관리,전화추심,고객채권관리,상환,기업신용평가,기업신용정보,신용정보회사,ESG평가,기업신용조회업,기획업무,AMC,자금운용,시장 리스크관리,리스크관리,자금운용 분석,자금운용 점검,자금운용역,성과평가,전문직,신용위험분석사,신용관리사,CRA,투자자산운용사,신용분석,관리지원,영업관리,영업지원,거래선개발,재정분석,거래선관리,여신사무,거래선,여신상담,채널영업,리스크매니저,매출분석,매출관리,금전채권,권원,채무내역,금원,민사채권,채권 회수,회수,대부업,대부관리사,대부금융업,CS,연체채권관리,신용추심,민상사채권,담보,계약관리,상각채권회수,연체채권회수,법무관리,P2P,소비자금융 채권관리,민사집행,가압류,[미래신용정보]LG헬로비전 미납안내 및 TM추심원 모집,[BNK신용정보] 부산은행 특수채권 추심원 모집,[BNK신용정보] 00저축은행 채권추심원 모집(계약직),[BNK 신용정보] BNK캐피탈 특수채권 추심원 모집 (서울),현대캐피탈 (오토추심) 경력자 채권추심원 채용,[베리타스자산] 각 부서별 정규직 채용 (내일채움공제),현대캐피탈 채권추심원 모집,고려신용정보(주) 금융자산본부 신용관리사 채용,SCI평가정보(주) 기업신용평가실 사원 채용,[서초구/주5일]Veritas Asset 채권기획 팀장급 정규직 채용,금융업(채권관리, 추심원) 관련 담당직원 모집,2022년도 전문직 및 특정업무원 채용,에스엠신용정보 대구지사 추심전문직,영업전문직 모집,신용분석팀(계약직) 신용정보 관리지원 채용,SM신용정보 채권영업 전문가 초빙,아이앤유크레디트(주) 채권관리부 채용(채권관리/고객상담),[신입/경력] 채권관리 직원 채용,[8퍼센트] 법무팀장 및 채권관리 담당자 모집,HB저축은행 [신입.경력] 공개채용-채권관리팀"
38,약학연구원,"줄기세포,배양,줄기세포배양,세포치료제,biocreactor,진단제,항암제,방사화학,유기화학,고분자화학,저분자,의약품,개량신약,제네릭,의약품,분석법,밸리데이션,원료,완제,분석법,불순물,유전독성,발암성,불순물,생화학,한약학,약품분석,임상연구,연구자주도연구,cro,관찰연구,pms,임상시험,간호학,생명과학,주사제,점안제,연질캠슐,비고형체,일반의약품,건강기능식품,기능성화장품,안정성,신약과제,신규체형,공정개선,제제연구,바이오,바이오신약,합성신약,개량신학,fda,생물학,임상화학,진단,시약,항원,항체,면역,체외진단,합성신약프로젝트,화합물,nmr,hplc,유도체,의약확학,유기화학,나노의약,약물전달시스템,세포치료제,체형,콘택트렌즈,바이오,생물정보,계산화학,약학,개발,신약,신약개발,mRNA,효능,작용기전,항암,치료제,독성,효력","항암치료제,신약,비임상, mRNA,CRO,효력,신제품,신약개발,생물정보,나노의약,약물전달시스템,세포치료제,제형,합성신약,NMR,,MS,HPLC,원료의약품,분석법,효소,임상화학,시약,면역,진단,개량신약,합성신약,바이오신약,신약과제,주사제,점안제,연질캠슐,일반의약품,건강기능식품,안정성,감염성,분자진단,원료의약품,이화학시험,제품별 미생물시험,바이오버든시험,미생물한도시험,GC,FT-IR,아미노산분석,CRO ,밸리데이션,완제,CTD,안정성,항염증제,진단제 ,줄기세포,CMC ,인허가,사후관리,식약처,의약화학,생화학,바이오,생명과학,생명공학,미생물학,분자생물학,의과학,제약회사,PMS,간호학,분자진단,HR-LC/MS,LC-MS/MS,GC-MS/MS,ICP-MS,IR,UV,약품분석,Bioreactor ,RA,약사,분자진단,공정분석,후성유전,생리활성,제네릭,FDA,EMA,optimization,헥산,Taqman,PCR,의과학,한약학,세포치료제,줄기세포배양,약사법규,체외진단,면역,실험실,유도체,고체상,분자모델링,완제의약품,유전독성물질,약효평가,동물시험,혈액,시료분석,기시법,항암치료제 신약 개발 비임상 전문가,기업연구소(양주) 연구원,인공지능 신약개발 모델 구축 및 분석,기업부설연구소 연구원,의약화학(Medicinal Chemist),공정분석연구원 ,진단 개발팀,해외RA ,제제연구(경력),제품연구(신입/경력),분자진단 연구팀 (안양 사업장 근무),분자진단 연구팀 (안양 사업장 근무),품질관리 (QC),Medical Science팀 [CRA, 사원~대리],Medical Science팀 [임상연구 PM] (대리~과장,Medical Science팀 [시판 후 연구 팀장],제제연구소 분석연구팀,숙명여자대학교 의약품화학연구실 대학원과정생 모집,[박사] R&D 화학파트,각 부문 신입/경력 채용,분석연구,약효평가팀 (정규직),연구부 (정규직)"
39,연료전지개발 및 연구자,"금속재료,신소재,고분자,전극공정,셀조립공정,컨셉설계,전장도면,설비,개발,전해액,첨가제,전지개발,유기합성,리튬,메탈,전기화학,sem,xrd,축전지용,금속제품,공정개발,고체연료분석,바이오매스,고형연료제품,리튬이차전지,전극,전지,셀개발,화공,수소,재료,합성,전지,유기합성,전고체전지용,고체전해질,화학공학,신소재,양극재,음극재,이차전지,슈퍼커패시터,edlc,lic,원통형,파우치형,연로전지,레이아웃,sor,bpp,스택,전기화학,전지,연료,자동차,금속판,연료전지,배터리","수소연료전지,EDLC,이차전지,QD,배터리,Compile,SOR,MEA,BPP,연료전지,LIC,원통형,파우치형,소재개발,재료물성분석,특성평가,QD,재료공학,에너지공학,화학공학,전기화학,양극재,음극재,전해질,신소재,화학R&D,2차전지,태양전지,전자재료,복합재료,촉매,전지,화학,공정,유기합성,물리화학,FMEA,FTA,8D,A3,공정,엔지니어링,수전해,SOFC ,PEMFC,화공,수소,리튬이차전지,전극,대형 전지,ESS,EV,고체전해질,소재합성,Cell,셀제조,바이오매스,고형연료제품,환경공학,KOLAS,축전지용,금속,리튬,메탈,셀개발,셀특성, Impedence,SEM,XRD,CV,공학계열,코인셀,파우치셀,샘플제작,전해액,첨가제,유기합성,전지개발,전자부품,복합소재형,첨단소재,재생프라스틱소재,전기차부품,코팅제,LCO,NCM,전극공정,Power,전장도면,Elctrical,Drawings,표준제작절차서,PCL,전지외장재,물성,LIB,리튬이온배터리,고용량,고출력,장수명,활물질,세퍼레이터,고분산,슬러리,고합제,극판설계,믹싱메커니즘,Rhelology,고분자,중국근무,수소연료전지 스택 개발 수석엔지니어,연구소장(EDLC 및 이차전지 연구개발),전고체 전지용 고체전해질 연구개발,2차전지 연구원 채용,QD 및 이차전지 개발,코스모스랩 이차전지 개발자 채용,주)바에솔 2차 전지 배터리 설계팀,연구원 채용 공고(연료전지 관련),수소 및 연료전지(SOFC & PEMFC) 연구원 공개,셀개발팀 신입 또는 경력 정규직,연구개발 인력 모집,기술연구소(이차전지 소재분야) 채용,[DARI] 바이오에너지팀 고체연료 시험 업무 담당자 채용,리튬이차전지 공정개발 채용,리튬 메탈 셀 개발 국책과제 수행,리튬이차 전지 연구지원 전지 샘플제작,2차전지 핵심소재 전문기업 연구개발 연구원 채용,2차 전지용 소재개발 연구원 초빙,제어설계,연구 개발 *Battery Cell,2차전지 극판설계,연구"
40,은행사무원,"창구,텔러,대면,발급,창구텔러,증명서,은행제휴,자산관리,비대면,실적증빙서류,은행,vip,신용카드,여신금융업권,일평균,인바운드,불법모집,사이버점검,포인트,통합조회서비스,고객,대출,도급사,업무위탁,모바일대출,업무위탁사,연체율,회수율,텔러업무,저축은행,개인신용대출,신용대출시스템,여신관리,여신업무,여신심사,여신심사분석사,심사경력,기업신용분석,여신관리업무,대출서류,금융권,사후관리업무,경공매,대출심사업무,계약안내,채권관리,채권회수,고객관리,연체관리,금융서비스, 여신,수신,외환,금유기관,여신영업,pf,기업여신,채권,금융자격","기업고객,금융서비스,여신,수신,외환,퇴직연금,상담,상품 판매,전담기업,개인고객,컨설팅 ,AICPA,CFA,CFP,여신심사역,재무위험관리사,CDCS,AFPK,외환전문역,여신영업,PF,기업여신,채권,사후관리,채권,채권회수,고객관리,연체관리,금융권,CS,심사서류,대출,승인,대위변제,이행청구,수납처리,여신텔러,창구업무,PF,컨소시엄,기업신용,리테일여신,개인신용대출,보증부대출,신용대출,보증부상품,채권관리,여신심사분석사,텔러업무,저축은행,신용대출시스템,상품기획,고객분석,실적분석,ABL,ABS,건전성,여신규정,저축은행중앙회전산,IFIS,시중은행,예금,적금,대출실행,이자수납,증권사,캐피탈,고객지향적,기업금융,CPA,FRM,금융연수원,금융투자협회,업무위탁사,계약 관리,회수율,기획업무,결산보고서,검증,회계,채권추심,전산,OA,엑셀,은행,부실채권,송무,신용,전세,담보,보증서,대면센터,대출상품,모바일 대출,비대면 대출,커뮤니케이션,신용카드,인바운드,디지털PB,PB,은행제휴,투자정보,수신텔러,응대,채권DB,위임,대위변제금,회생,파산,사고신고,서류관리,신용회복,공적구제,2022년 일반직 신입행원 채용,2022년 하반기 신규직원 공개채용,금융사무 (채권관리) [팀원급,금융사무 (대출심사) [팀원급],여신관리센터 지원업무 담당자,여신,사후 관리, 금융사무 업무 직원 채용,(주)KB저축은행 리테일여신 정규직 수시 채용,여신심사팀,소비자기획팀,기업여신팀,(주)한화저축은행 텔러(여/수신) 경력직 채용,대형금융그룹 저축은행 기업금융 여신심사역 (과장/대리급) 채용,[카카오뱅크] 여신관리 업무 담당자,은행, 저축은행, 캐피탈사) 법무, 여신관리, 부실채권 관리,[토스뱅크] Bank Operations Manager (여신운영),[금융여신/을지로입구역] CS 고객상담 채용,디지털PB,수신텔러 (창구), [카카오뱅크] 여신관리센터 지원업무 담당자"
41,자동차공학기술자 및 연구원,"eo,bom,도면,정합성,pre,hkmc,lidar,tof,ros,라이다,자동차부품,분석,가상센서,kolas,사이버보안,개발,차량개발,차량,제어기,자동차,전장,설계,개발,자율주행차량,자율주행,센서,자동차제어","자율주행,센서,제어기,빅데이터,딥러닝,가상화,시뮬레이션,성능평가,롬검증,C,객체지향,임베디드 프로그래밍,rcp 프레임워크,WPF,devexpress,telerik,python,텐서플로,케라스,사이버 보안,자동차 제어,가상센서,빅데이터,MATLAB Simulink,eTAS,dSPACE,HIL system,Sensor Fusion,Path Plan,Path tracking,Mobile 로봇제어,MATLAB Simulink,CATIA,CREO,사출,금형,완성차,영상 데이터,이미지 필터,ARM Base,회로 설계,3D,Lidar,point cloud data,EO,BOM,정합성,부품,기구설계,사양서 작성,도면 판독,기구제작,AutoCAD,Solidworks,제이거,전자회로,FAE,Field Application Engineer,하네스,배선,연구(R&D),검증,선행개발,기구/포장재 개발,자동차 ADAS/자율주행용 LiDAR모듈개발,마북_ EO/도면관리,자율주행 기구설계 [경력] 0명,자율주행 전기전장 설계 및 제작 엔지니어 0명"
42,자산운용가,"창투사,펀드매니저,대표펀드매니저,벤처캐피탈,벤처투자,자산운용경력,신기사,연기금,자산유동화,기업가치평가,기업구조조정,매각,신탁운용관련,수탁사,증권관련,퇴직연금,사전지정운용제도,디폴트,디폴트옵션,집합투자증권,공모주,ipo,상장,투자,재무,딜소싱,증권투자권유대행인,펀드투자권유대행인,pef,시황,분석,증권사,금융사,보험사,캐피탈사,저축은행,대출,투자심의,투자심사,전략연계,신성장,신기술금융사,밸류에이션,펀드설정해지,기준가격산출,펀드매니저,후속업무처리,자산운용사,사무수탁사,부동산운용,자산운용,부동산컨설팅,펀더멘탈,글로벌매크로,미국시장,중국시장,일본시장,랩어카운트,비상장주식,자문사,펀드랩,연계형랩,금융상품,매자닌,투자자산운용사,펀드관련,펀드회계,자산운용보고서,유동화,금융,펀드,투자,오퍼레이션,투자자,거래,신탁회계,파생상품,펀딩,신탁,운용지원,PF","파생상품,운용지원,PF,인수금융,구조화금융,VC,펀딩,신탁  ,영업,유동화,금융 상품,투자자,유치,IM,회계,성과보고서,오퍼레이션,투자 집행,펀드회계,자산운용보고서,시황,PIB영업,IB딜소싱 ,금융상품,실물자산,부동산PF,유가증권,발행,자문,주선,공동관리고객,자산관리,위탁매매,판매,비상장주식,메자닌,대체투자,펀드랩,자문사,투자자산운용사 ,증권사,통계,수익자,수리통계,펀더멘탈,리서치,주식,글로벌매크로,통화,기준가격,사무수탁사,영어,딜소싱,타당성,클로징,포트폴리오,재무모델링,투자구조,설계,PI투자,cvc,투자심의,기업분석,투자심사역, P2P,리스크,지분,현황,IPO,동향,제안서,PEF,경영학,회계학,증권투자권유대행인,펀드투자권유대행인,재산신탁,수탁,금전채권신탁,수익증권발행신탁,대리사무,자금관리,회계사,사무사,분석,ETF,DC,IRP,투자상품,집합투자증권,TDF,TFR,OCIO,CFA,FRM,자금결제,운용사,NPL,SPC,기업가치평가,기업구조조정,매수,매각,감정평가,부동산,프로젝트,소싱,투자설명서,건설사,매입,발굴,Sourcing,시행사,배당,청산,실사,투자리스크,CF,자본시장법,리츠,PM사,PFV,공인중개사,건축사,MBA,창투사,신기사 ,PE,상경,2022년 유진투자증권 신입사원(정규직 전환형 인턴) 채용,운용지원 매니저,운용지원파트,IBK투자증권㈜ 디지털영업부/PB/랩운용부 경력직 채용,IBK투자증권㈜ 디지털영업부/PB/랩운용부 경력직 채용,[로버스트자산운용] 2022년 하반기 정규직 신입 채용,(아르고스자산운용 주식회사 경영지원(백오피스)부문 정규직 채용 공고,[대기업계열]딜소싱/투자관리,운용지원 매니저,(국내 금융 대기업 계열사) 투자심사 (PI투자,CVC 투자), 투자심사역 ,ㆍ투자금융본부 투자심사역 (사원, 팀원급),신영증권 신탁운용부 경력직원 채용공고,투자상픔전략/운용 전문가 경력직 채용,신탁운용팀 (지원업무_ 사원대리급),Investment Bank,엠디엠플러스 투자개발부문 경력직 공개채용,투자운용실 -  대체자산운용팀(00명) ,우량 중견그룹 상장 지주사 신설 창투사 투자총괄담당 모집"
43,전기계측제어기술자,"HVDC,변환설비,전기기사,전기산업기사,전기공사","HVDC,변환설비,설비 매뉴얼,도면관리,EHS,전기기사,전기산업기사,전기공사,중급전기공사기술자,변전,한국전력공사,개폐장치,변전보수,초고압,차단기,Creo,Auto CAD,전력기기,저압,ACB,MCCB,개폐기,IEC,한전,시방서,배전반,고체절연,특고압,직류배전,정류기,조립도,제작부품도,CAD,CAM,단선도,전기설비,수전,발전,유지보수,점검,UPS,현장관리,공부,설계내역,전기안전관리자,전기공사산업기사,시스템 엔지니어링,프로젝트,산업안전기사,전기공사,장비시험,수배전반,발전,변전,유틸리티,공조,전기 안전,시퀀스 회로,유지보수 - 고덕변환소 (계약),초고압차단기 연구소,기술연구소,전기분야,프로젝트팀,사옥전력 (원주국사/ 전기안전관리자),전력기술 공사 ,시공 엔지니어링,전기 테크니션 "
44,전기기기·제품개발기술자 및 연구원,"전기공사산업기사,전기기능사,전기산업기사,siemens,제어반,전장회로,전력변환장치,전력변환장치분야,컨버터,전장설계,제작관리,제작관련,사양미팅,도면,인증심사,현장대응,검수,전력,제어,설계,개발,기계설계,panel,semi,전력량,내폭,시퀀스제어,전기관련,전기,dc,ac,판넬,배배선,시운전,전기설계관리,인버터,plc,설계관리,제작공정관리,시공관리,전기기사,전기공사기사,계장설계,계측제어,servi,tbe,정보통신성보통신기사,전기공사기사,소방설비,설계,전기,조명설비,전기방재설비,정보통신설비,수변전설비,예비전원설비,배선설비,동력설비,전기방재설비,전기 관리,전기 유틸리티,설비 설계,수변전설비","전기 관리,전기 유틸리티,설비 설계,수변전설비,예비전원설비,배선설비,동력설비,조명설비,전기방재설비,정보통신설비,전기 도면,계장설계,Control System,Field Instrument,계측제어,도면,사양서,B/M,Procurement Service,전기공사기사,소방설비,정보통신기사,전기설비,전기기사,전기시공기사,신축공사,공정 관리,전기 설계,설계성과물,전기 시설물,Auto-CAD,Acrobat,DC,Ac,판넬 시운전,개발 엔지니어링,기술문서,SEMI,전력량,Panel 3D,EPLAN,P8,AutoCAD,SolidWorks,회로,시퀀스제어,내폭 설계,플랜트,인버터,PLC,계측기기,계장설계,RFQ,TBE,전력기술인,전기공사기술자,상세설계,Coordination,전기공학,전장설계,기술자료,인증심사,현장대응,E-PLAN,Field Engineering,상세 설계,산업 플랜트,통신설비,계장 시공계획,협력업체,플랜트 전기,방폭 인증,대용량,전력변환,인버터,컨버터,MCU,DSP,제어보드,알고리즘,시뮬레이션,PSIM,PSCAD,PLECS,Mitsubishi,제어반,전장회로 ,자동화,프로젝트,전기제어,회로설계,PLC,Debugging,설비조정,설비제작,전기배선,외주업체 관리,인프라지원 전기설계/ 시공,엔지니어링 계장설계,전기설비 대리~과장급 (팀원),전기 설계 Electrical Engineer,전기설계/ 전기제어 및 전기시공,자동화 판넬 배선 및 시운전 (O명),Electrical Engineer,플랜트 전기/계장 설계 및 시공,전기설계 (플랜트),전장설계,전기/계장설계,전력전자 전력변환장치 분야 개발자 (경력),전기 엔지니어,전기/ 기계,자동화 설비부문 [제어 system] (0명)"
45,전자계측제어기술자,"설계,pcb,allegro,altium,개발,kinematics,제어기술,제어설계,제어기,메카트로닉스,계측제어,상세설계,시설물,자동화,설비,개발,plc,제어,칠러,미쓰비시,자동화 설비,EtherCAT,모터 제어,센서제어,계측,PLC","자동화,로봇,Solidworks,Autocad,자동화 설비,EtherCAT,모터 제어,센서,통신,PLC,제어,칠러 제어,RS Automation,HMI,온도 제어,제어 프로그램,계측제어,상세설계,Auto-CAD,Acrobat,제어기,EOP,EWP,인버터,제어개발,CMMI,ASPICE,ISO26262,전원장치,시스템 제어,관리SW,소프트웨어,ARN,DSP,FPGA,Linux,임베디드,신호처리,ADC,필드버스,DeviceNet,EtherCAT,EtherNet,통신,C,C++,디지털 ,신호처리,OrCAD,PADS,Auto CAD,Schematic Tool,CCS,Vivado,Visual Studio,FPGA,ADC,신호처리부,FFT,AFT,연산,RF 신호,Xilinx MPSOC ,Intel Arria ,회로설계,Verilog,VHDL,Matlab ,Quartus,RS232,Firmware,제어설계,모션 제어,PLC,MES,WPF,ROS 활용,ACAD,머신비전,군집제어,PCB,Allegro,Altium,P-CAD,AutoCAD,BLDC,EMC,디버깅,RTOS,MCU,제어회로,PSPICE,인터페이스 회로,임베디드 회로,신호처리,제어기,ADC,알고리즘,기술전략,Matlab simulink,메카트로닉스 개발자,▶ 담당업무 ㆍPLC 제어 프로그램 개발 ㆍBurn-In Chamger 제어 프로그램 개발(PLC) ㆍ칠러 제어 프로그램 개발 ㆍ자동화 설비 개발,계측제어 설계 Instrument Engineer,ㆍ제어기설계 (EOP/EWP 회로    설계 및 개발) 경력,연구개발 부문 (경력),연구개발 부문 (경력),제어설계(PC) ,제어설계(AGV/LGV)    ,PCB Desinger ,전장부품 H/W설계  [청주],제어 시스템 ,연구개발 임원 (경력)"
46,전자제품 및 부품개발기술자,"전장,전기,전장부품,시작품,개발,공모듈,광부품,광검사,스캔,램프,light,회로자재,불출,카메라,수율,설비,doe,치공구,tray,지그,모바일카메라,actuator,개개선,cae,광학용,abaqus,maxwell,전력전자,전원장치용,전력변환,신호처리,역률제어,dc,ac,준력,출력,전력계측,위상,pid,증폭기,인버터,컨버터,제어기,의료장비,fw,모터제어,제어제어보드,lcd,터치패널,제어보드,전기전자,엔지니어,전기차,충전기,완속,급속,충전기간,plc,전력선,power,vehicle,무효전력,설계,개발,전장회로,외주관리,hardware,보드,센서,sourcing,초음파,전자회로아날로그,전류,전압센서,펌웨어,하드웨어,부품,emcsafety,아날로그디지털,회로설계,pcb,전기전자공학,무선전력전송시스템,전력전자,hw,무선전력전송,nfc,antenna,전자기기,회로,안테나,충전기,통신 프로토콜,PLC,전력선 통신,V2G,전기차,SPI,I2C,UART,Ethernet,STM32,신호처리,촉각센서,압력센서,터치스크린,터치IC,계측기,ARM,FW,FPGA","충전기,통신 프로토콜,PLC,전력선 통신,V2G,전기차,자동화,공정기획,부품,기구설계,CAD,3D 설계,의료장비,HW,모터장비,STEP,LCD,터치패널,OrCAD,PADS,전력변환 ,컨버터,인버터,증폭기,마이크로프로세서,제어회로,보드설계,DC,AC,전력 제어,전력계측,Auto CAD,CCS,Vivado,PSIM,MATLAB,RF,AMP,아날로그,디지털,회로,회로설계,테스트,디버깅,PCB,전자회로,이미지센서,NFC,Issue Tracking,전장분야,HW설계,전자기기,전자회로,UWB,ROA,CREO,CAE,ABAQUS,MAXWELL,Actuator,수율,제품,DOE,공정기획,생산 설비,생산 공법,6Sigma,회로자재,ADC,DAC,FPGA,광모듈,시스템,전장,부품,신뢰성,전력변환 ,전원장치,H/W,구동,드라이버,전기차,MCU,임베디드 회로,C언어,IAR,신제품,유지보수,회로,기판,Quartus,Synopsys VCS,제조기준작성,제품인증,규격,EMC,CATIA,응용회로,통신회로,전자 하드웨어,Electronic,hardware,하드웨어,전자회로,모터장비,구동회로,신뢰성,전원장치,EV개발 ,자동화 장비 기구설계,HW개발/ 팀원,연구개발 부문 (경력),연구개발 부문 (신입),하드웨어 개발자,Antenna 등 HW 설계 담당자,모바일카메라 기구설계,전장부품 기구설계,회로자재,전장 광모듈 개발,전장부품 기구설계  [청주],인버터 장치 개발,하드웨어 개발,제품설계개발 (Hardware,회로설계 ,Hardware 개발자"
47,조선해양공학기술자 및 연구원,"설계,조선기자재,선장철의설계,선주,선급,선종별,의장품,축타계,시방서,nace,frosio,iwe,cwi선장,선실목의장,선체,설계,fgss,조선구조,hysys선장배관기본도,선장배관설계,가스배관,기계공학,고속,선박,워트제트,함정용,선박용,해수담수화설비,조수기,시운전,내기사,해군,조선공학,선박공학,해양공학","고속 선박,해수담수화,기계장치,조수기,선장배관설계,가스배관,FGSS,HYSYS,선체 구조,Engine Room,선장 배관,선실 목의장,제작도 ,배치도,설치도,NACE,FROSIO,IWE,CWI,선박기본계산,Intact,Damage Stability,Draft Reading,조종 성능,진수,중경사,선장배관설계,선장철의설계,AM,선체생산설계,전장생산설계,TTM,모델링,조립도,네스팅,아비바마린,전장 케이블,트레이,위그선,Drawing,Vave,Remote,Control,Relay sequence,HMI,PLC,Control console,MCC,전장회로,AUTOCAD,[A/S 및 시운전] 조선기자재, 워터제트, 수처리플랜트(신입가능) ,기술연구소,설계직무,조선 설계,품질검사,종합설계,선장설계팀,기술연구소,[국비무료] LNG선박 생산설계 교육생 모집 ,(선체, 의장, 항전, 항공조종 생산설계),선박 전장 설계 경력자"
48,증권 중개인,"투자심사,투자심의,사후관리,신기술금융사,컨설팅,기업분석,밸류에이션,매각,자산유동화,정기보고서,청산업무,기업가치평가,깅버구조조정,신용감리,신용감리업무,해외상품선물,증권회사,리스크관리,트레이딩,증권업,은행제휴,비대면,vip,자산관리,투자정보,고객,실적증빙자료,부동산금융,기표,투자금융,영업,대체금융,이해관계자,부서자산관리,증권사,운용사,신기사,금융관련,투자,금융조달,자본재구조화,금융구조,투자회수,부동산,대체투자,pdf,투자자산운용사,재무모델,투자,국내주식,해외주식,유가증권관리,증권투자상담사,펀드투자상담사,증권투자권요대행인,펀드투자권유대행인,유치,펀드,펀드설정,주식,선물,옵션,거래확인,운용지시,유관기관,장외파생거래,컨퍼메이션,매칭,담보관리,계좌개설,수요예측,청약,납입업무,판매사,수탁사,자산운용사,증권사,자본시장,인덱스,파생상품,헤지,포지션,운용,델타원,트레이딩,인덱스빌딩,통합헤지,통합북관리,장외파생,증권방송,주식,리딩,주식전문가,투자,자산,매매,결제,실물,권리행사,자금,증권,주식,애널리스트","수탁업 ,증권방송주식전문가,애널리스트,델타원,트레이더,오퍼레이션,투자권유,유가관리,구조화금융,PE,PF,대체금융,투자영업,결제,리스크심사,PB,신용감리,IB,IPO,투자심사,옵션,주식,컨퍼메이션,부실채권,PBS,Front office,Back office,QA,파생상품,자본재구조화,자본재조달,매각,유동화,CPA,CFA,증권사,투자신탁사,신기사,트레이딩,통합헤지,CR,FAS,파이프라인,신택재산,MTS,EXIT,AICPA,선물,현물,ECM,채권,CFA,FICC,자산유동화,증거금,한도,PI,채권매매지원,ETF,IR,담보,소매여신,LP,재무설계,CVC,EUREX,자금,브릿지론,사모펀드,PEV,리츠,일임계약,창투사,MBA,유관기업,딜소싱,수익증권발생신탁,증권대차거래,기관영업,금전채권신탁,환매조건부,암호화폐,부동산,자산운용,CS,TM,KICPA,MP,DLS,파생결합증권,주가연계증권,HTS,중도금유동화,매출채권유동화,펀드매니저,신용분석,법인,자금조달,대출,평가분석,[대형증권사] 수탁업 결제/자금,증권방송 주식전문가 공개채용(신입/경력),중견그룹 지주회사 증권 애널리스트(Analyst) 정규직 채용,[대형증권사] 델타원 운용,주식 및 파생상품, 암호화폐  트레이더를 모십니다.,[두나미스자산운용]운용지원(오퍼레이션) 경력직(대리-과장)채용,[SK증권 남양주지점] 증권,펀드 투자권유대행인 모집,국내주식 결제(권리) 및 유가관리 담당자 영입(신입) ,[브라이트에너지파트너스] 구조화금융(PF),케이프투자증권 PE사업본부 경력직원(서무직) 채용 공고,자금 PF전문가(과차장급),부동산 및 대체금융 영업 (기업금융.PF)채용 - 금융대기업,대형금융그룹 투자금융회사 투자영업팀원(PF/부동산) 정규직 채용,[정규직] SC제일은행 증권업무부 채용 - 결제 담당자 (대리/과장),다옽루자증권 리스크심사팀 경력사원 채용,IBK투자증권㈜ 디지털영업부 경력사원 모집,하나증권 IB신용감리/채권상품/OCIO채권운용역 경력직 인재채용,UAMCO 신입·경력 공개채용,투자일임사ipo 운용관리 (투자자산운용사필수)정규직,(국내 금융 대기업 계열사) 투자심사 (PI투자,CVC 투자)"
49,천문·기상학연구원,"인공지능활용,기반기술,기후자료,대기,해양,지구과학,극지,기후,예측,기후시스템,대기,기후모델링,계절규모,극지기후예측시스템,북극,남극,아북극,대기과학,대기모델,기후모델,기상서비스개발,환경대기과학,해양학,물리,통계학,ruby,fortran,항공기상관측,예보수준,항공기상,관측망,정보통신체계,기후통계,항공기상,항공기상서비스,기상지원,기상예보기술사,기상현상,기상과학,종관예보,수치예보,기상서비스,기후변화","기상현상,기상과학,종관예보,수치예보,기상서비스,기후변화,정책,대기과학,일기도,기후예측자료,초단기예보,위성영상분석,응용기상,전력수요예측,물현상,대기광학현상,대기먼지현상,대기전기현상,기상기술관리,대기운동시스템,물리방정식,수치모델링,기상현상,기상모델링,관측자료,수치자료,항공기상,기상정보,기상감시,항공기상관측,관측기술,기상예보기술사,기후모델링,환경대기과학,JAVA,Python,Ruby,Fortran,프로그래밍,기후시스템,대기모델,기후모델링,수치모델링,유닉스,리눅스,수치재현,가시화,인공지능,빅데이터,모델 개발,기상예보,【직무기술서 : 일반직(경력/전문직) 기상모델링】,기상청 ｢항공기상청장｣(개방형 직위) 공개모집,전문연구 요원,연구원,연구 보조원,NCS기반 채용 직무기술서(전문연구요원(기간제계약직)),선임연구원 (인공지능-기후 분야),선임연구원 (전지구 기후 예측 모델 개선  및 개발 분야)"
50,투자분석가,"성장기회,딜소싱,투자,투자사업,재무,etf,투자상품전략,증권사,cfa,투자자산운용사,장외파생상품,공정가치평가,가치평가,기업구조,투자전략,투자타당성,투자심사,캐피탈리스트,펀드,창투사,엑셀러레이터,창업지도사,창업보육,운용,자산배분전략,quant,자산배분형,자산배분,투자가능종목,분석,개별기업,재무적,바이사이드,buyside,셀사이드,sellside,대체투자,주식리서치,애널리스트,RA,VC투자,퀀트,성장,고배당,시황,시장,업종,장외주식","대체투자,주식리서치,애널리스트,RA,VC투자,리스크,LP대체투자자산,사후관리,모니터링,공정가치평가,성과,투자가능종목,분석,포트폴리오,퀀트,성장,고배당,시황,시장,업종,장외주식,종목,발굴,보고서,자산배분전략 ,Quant ,투자전략,기업구조,유치,심의,사업성,기술성,투자타당성,경제성,벤처,캐피탈리스트,딜,투자심사,기업가치,계약성,펀드,제안서,리서치,산업,보고,Deal,투자검토,R,MS Office,엑셀,PT,회계,재무,투자자산운용사,자본시장법상,금융회사,CPA,CFA,CAIA,Investments,LP,셀사이드,바이사이드,buyside,sellside,Python,VBA,금융자격증,경영,경제학,증권,파생상품,데이타 분석,엑셀러레이터 ,증권사,캐피탈사,투자금융부서,리스크관리,장외파생상품,평가모듈,파라미터,재무분석,사업환경,소비재,사업재,ETF ,FRM,재무 타당성,자산,투자유치,투자심의,지분,인수,매각,분할 합병,IPO,상경계열,이공계열,영어,성장기회,투자대상,딜소싱,금융투자분석사,코스피,코스닥,기업주가,한국금융분석원,업종분석,산업분석,small cap,개인투자자,은행,경제 연구소,통계분석,프레젠테이션,MP,대체투자 평가 2본부 (O명),[두나미스자산운용]주식리서치팀 애널리스트 경력직(3~5년) 모집,리서치팀 애널리스트 / RA,(주)얼터너티브투자자문자산운용,디뉴로㈜,VC투자심사,투자운용,종합리스크관리팀 (장외파생상품 평가 및 검증), Top-tier 금융사 리서치전략센터 시장분석/투자전략수립 전문가(대리~팀장급),IPS전략부,본사-펀드사업,투자전략팀장 채용,전략기획(신사업기획,투자검토,투자사관리),금융투자분석사 자격보유 애널리스트 모집,[대형증권사] 자산배분/ MP운용 금융상품 투자전략 수립"
51,항공공학기술자 및 연구원,"항공,방산,로켓분야,발사체,무인항공기,복합재,우주,개발,설계,비행,항공공학,비행제어,드론,연동시험,지상운용","비행제어,AAM,통신모듈,구동기,인터페이서,FCC,Realtime OS,FCS,OFP,센서,PMU,Power Manage unit,FDR,Flight Data Record,모듈,드라이버,Arm Cortex,펌웨어,Embedded,C,C++,임베디드 보드,Matlab,Simulink Autocode,RTOS,통제 시스템,Terrain,Head Up Display,GUI,Prefab,Flight Simulator,MVC,Git,드론,Catia,AutoCAD,임베디드 프로그래밍,라즈베리파이,드론제어,모터제어,펌웨어,MCU,모터 구동,제어 알고리즘,BLDC,BLAC,센서리스 제어,약자속 운전,전류,속도제어,고정익,회전익,예비 설계,상세 설계,공력 ,성능 해석,항공우주,3D CAD,UG NX,Solidworks,CFD,Ansys Fluent,openfoam,xfoil,vsp,avl,Matlab,px4,ardupilot,제어기,무인기,무인항공기,복합재,구조설계,CAD,CAM,발사체,도면 작성,로켓,CATIa,Solidworks,AutoCAd,전자보드,전자회로,디버깅,MPU,SBC,전자기,열해석,구조해석,LRU,SRU,위성,AVIONIC SW (O명),Unity3D SW (O명), 드론 시스템 개발 ,드론연구소 개발팀,[정규직, 계약직] R&D 드론 개발자 경력 채용,(주)프리뉴(연구소)[설계 - 구조/해석] ,UAV연구소 무인항공기(드론)설계, 연구개발,[헤드헌팅] 우주항공기업 발사체 구성품 설계 및 제작관리 ,하드웨어 설계 (방산 항공) ,기구설계 0명"
52,플랜트기계공학기술자 및 연구원,"공기수송장치,컨베인시스템,뉴메틱,압력용기,호퍼,설치공사,화학플랜트,heat,reactor,vessel,condenser,ac,tower,압력용기,열교환기,강도계산설계,cam,기계,전기,제어,배관,환경,공조,설계,검사,물류,자재선적,입항,자재관리,플랜트,분석시스템,계장설계,cems,tms,발주처,설계","분석시스템,기술검토,CEMS,TMS,Analyzer System,BOM,플랜트,2차전지,양극재,음극재,시공관리,플랜트 시공,CAD,화공플랜트,EPC,엔지니어링 설계,P&ID,PFD,VFD,RFQ,설게문서,순수,폐수처리설비,공정설계,무방류설비,RTO,SRS,SRP,SR,대기설비,3D설계,솔리드웍스,Pro-e,CAM,HVAC,화학플랜트,압력용기,열교환기,Auto CAD,도면 이해,Reactor,Heat Exchange,Vessel,Condenser,AC Tower,PSM,제작설계,공정설계,강도계산설계,열교환기,Mechanical Detasheet,Gabrication drawing,강도계산서,CRS,ASME Code,PED,COMPRESS,HTRI,공기수송장치,화학,배관설비,호퍼,스트럭쳐,전자캐드기능사,CADTX,현장설계 ,프로젝트 공정관리,플랜트 시공관리,엔지니어링 설계 팀장급 채용 ,환경플랜트(대기, 수질) 공정설계 및 시공,플랜트 설비/HVAC 상세 설계,기술부 기계설계 신입/경력직,Mechanical Engineer,플랜트 기계설계,기술(설계) 기술팀(설계) 0명"
53,행정사,"일반행정,교육관련,응대,hrd,사무행정,이수자평가,평가관리,교육행정,교수관리,교육지원,교육상담,학사관리,인증업무,행정사,안전확인대상,행정업무,계약업무,행정보조,인보이스,수익현황,매출,엑셀,행정사,행정,일반행정사,기술행정사","행정사,행정,일반행정사,기술행정사,외국어번역행정사,행정심판,소청,사회보장법,심사청구,해난심판,행정업무,착수금,신의성실원칙,서류작성,서류번역,서류제출 대행,서류신고,서류신청,행정기관,민원상담,행정사무,회계 경력자,정산업무,계약업무,행정보조 ,병원행정사,인사,기획,경리,총무,인허가,행정법률,엑셀,회계프로그램,사무직,교육행정,사무행정,인사행정,문서작성,사무보조,더존,전표입력,장부관리,교육지원,교육상담,학사관리,평생교육사2급,HRD 사무행정,컴퓨터활용능력,고객관리,상담원,보건행정,외래,원무,입원관리,고용노동공무원,선거행정공무원,교육행정공무원,일반행정공무원,행정공무원,자료관리,서류발급,민원처리,세무행정,행정요소검사,행정실,행정기관,서류 번역,서류 인허가,사실조사 확인,창구업무,의료보험실무,보험관리,사무보조업무,의료정보관리사,교육행정업무,인사관리업무,학적업무,행정실,총무과,교무과,총무사무원,문서작성능력,서류정리,보고서작성,일반행정,법률상담,문서관리,문서작성,워드,임금관리,전산입력,Excel,경리 경력자,행정관리사 1급,행정학연구원,전문비서,정부행정관리자,보건,경영기획,홍보,사무지원,일반행정사 채용공고,행정사 정규직 채용,행정사,서울함공원 운영인력 행정팀장 채용 공고,행정사법인 미드미 2022 하반기 행정사 및 사무직원 채용,분당서울대학교병원 의료인공지능센터 행정 연구원 채용,교육행정 직원 채용,이젠아카데미교육그룹 HRD행정 및 사무행정 직원 채용,평생교육원 교육행정 및 관리,의학연구팀 행정직 채용,협회/기관 행정사무 채용,오병필 법무사 사무소"
54,화장품연구원,"효력시험,피부효능,유전,바이오,원료개발,화장품용,gl,lc,천연물,분석법,이화학기기,유기화학,베이스메이크업,샘플링,신제품,식품공학,마이크로바이옴,개발,화장품,생활용품,향수,향료연구,개발,가용화,유화,페이셜,클렌징,화장품체형,썬크림,클레이팩,헤어-바디,포장연구,신약,자외선,트리트먼트,성분분석,유형개발,하이드로겔,히알루론산,보툴리늄톡신,NMPA,방부력,생균수,저해농도,재조합단백질","제형개발,향연구,효능개발,베이스메이크업,실험보조,제품연구,임상시험,유화,상품기획,칭량,스킨케어,신소재개발,신원료개발,원료분석,기초연구,소재효능,교반,신제형,안전성연구,품질개발,바디케어,썬크림,클레이팩,헤어-바디,포장연구,가용화,세정,미생물,에스테틱,페이셜,색채연구,천연물,헤어바디,헤어케어,지표성분,공정연구,정제,구조분석,샘플링,베이스,조향,시험분석,제조,바이오,미생물발효,피부효능,메이크업,배양,SOP,시료,클렌징,동물세포배양,식물세포배양,미스트,오일,앰플,에센스,유기합성,기능성,배합,BM,벌크,QA,QC,in-vitro,크림,ODM,OEM,분산,의약외품,GMP,전성분,젤,신약,자외선,트리트먼트,성분분석,유형개발,하이드로겔,히알루론산,보툴리늄톡신,NMPA,방부력,생균수,저해농도,조색,재조합단백질,자극,계면활성제,고분자,정밀화학,필러,IRB,처방개발,제조공정,염모제,RA,복합성분표,퍼스널케어,GC,LC,에스크랩스 경력직 채용(화장품 제형연구),상시인재 Pool 등록 (신입),상시인재 Pool 등록 (신입),[나우코스] 화장품연구소(연구개발 및 연구보조) 팀원 모집,[나우코스] 화장품연구소(연구개발 및 연구보조) 팀원 모집,[JOR R&D] JMsolution 화장품 연구개발자 채용,화장품 피부임상시험 연구원 채용,글로벌 피부특성별 솔루션 화장품 연구개발 직원 모집,클린뷰티 비누 브랜드- 상품기획 / 제형개발 부문 채용,화장품 제조 , 생산 모집 합니다., 케이엠제약(주) 화장품연구개발 경력직 모집,[KT&G 그룹] (주)코스모코스 화장품 연구원(R&D) 채용,[KT&G 그룹] (주)코스모코스 화장품 연구원(R&D) 채용,[기업부설연구소] 화장품 원료분석개발 신입 연구원 채용,기초화장품 연구원(R&D) 모집,[경력] BIO 화장품 효능 연구 개발,화장품제조 경력직 모집"
55,화학연구원,"실험실,시약,합성,cloumn,impurity,유기합성,분석,nmr,chromatography,gpc,개발,세라믹,정전척,esc,ceramic,세라믹공학,엑소좀,분리정제,공정개발,제조공정,piping,pipe,routing,sid,valve,해양,plant,유변학,폴리올레핀,고분자,유기금속,합성,용액,촉매,유기반도체,유기태평양,복합소재,우레탄,에폭시,전자파,차폐,흡수,코팅소재,케미컬,실리콘,생산관리,위험물,유해화학물질,안전관리자,위험물,도료,페인트,신소재,개발,고분자,자기유변소재,소재배합,고무,섬유공학,화학,응용화학,실란트,우레탄,아크릴,폴리에스테르,우레탄,고분자,유기합성,타이어,고무첨가제,화학고분자,화학공학","실란트,우레탄,제품 개발,품질관리 ,아크릴,폴리에스테르,우레탄,고분자,유기합성,타이어,고무첨가제,화학고분자,화학공학,화학,도료,Rubber,자성소자,분석설비,DSC,TGA,FT-IR,자기유변소재,신소재배합,수지연구,품질관리 ,도료용 수지,수지,천연고분자,페인트,공학계열,위험물기능사,대기환경기사,유해화학물질,위험물 안전관리자,실리콘고무,화학공장,신소재,연구개발,위험물 안전관리자,유기합성, 화공약품,석유화학,실험,제조,재료공학,Paste,복합재료,R&D,고분자설계,실리콘,에폭시,연구원,수용성 도료,혼합,재료,코팅제개발,연구개발,실험분석,공정개발,실험,촉매,설계,합성,용액,유기금속,OLED,합성연구,ERP,실험실,분석법,공정,LC-MS,전해액,선행기술,조사,설계,위험성,UV,사업계획,이식재,의료,물리화학,GLP,환경화학,기능성,코팅액,실란트,화합물,항암제,분자모델링,정전척,단위공정,세라믹,폐기물,공정수,중금속,분석장비,관리,마이크로,나노,플라즈마,공조냉동기계기사,안전관리,도면,정밀화학,개발,합성기술,분리정제,스케일업,제조공정,공정화학,Si3N4,CVD,나노,의약품,헥산,mRNA,연구소, 연구 및 품질,정밀화학 연구원, 소재 개발,수지연구&품질관리팀,생산팀,도료 품질관리 및 연구개발직 ,생산관리팀,실리콘응용기술연구소 연구원,연구개발,연세대학교 에어로겔소재연구센터(AMRC) 연구원 채용, R&D Center 신입/경력 연구원 모집, R&D Center 신입/경력 연구원 모집, R&D Center 신입/경력 연구원 모집,신규 화학공장 설립,R&D 연구 개발자,배관 설계 Piping  Engineer,각 부문 신입/경력 채용,ESC개발,코어엔텍(주) 연구직(화학, 공학 분석관련) 신규 직원 모집,[19개월근무/화학전공자] 미국계 화학기업 고분자,재료공학 등 ,연구 개발,R&D ,연구개발 부문 (신입),개발,합성연구보조원 ,공정분석연구원 ,기업부설연구소 연구원"
56,환경 및 해양과학연구원,"토양분야,측정분석,기기분석,분석결과,분석장비,토양분석,환경경영,환경효율성,고도화,환경업체,수처리,품질환경분야,품질환경경영,품질혁신,환경사고,환경,수처리,처리시설,공정인자,방류수질,처리효율,배출,공정관리,탄소감축,에너지,재생,환경성,환경공학,환경평가,환경영향평가,교육환경평가,수질환경기사,환경공학,대기환경기사,소음진동기사,대기,실내공기질,악취기기,먹는물,생태독성,폐기물,화학물질,환경관련전공자,화공,미생물,환경기능사,화학분석기사,환경산업기사,환경분석사,화학분석기관,환경분야,해양,환경영향평가,대기환경,수질","환경영향평가,대기환경,자가측정,수질,기술진단컨설팅,악취측정,소음진동,지하수,실내공기질,생태독성,폐기물,KOLAS,대기환경기사,소음진동기사,수질환경기사,CAD,CAM,LCA,탄소감축,재생 에너지,효용성,환경 평가,환경공학,환경성 평가,통계,수질산업기사,수질환경기사,대기산업기사,실험분석,수처리 공정,하폐수,적정처리,공정인자,방류수질,처리효율,환경경영,사고대응,ISO,환경사고,공정관리,생물분류기사,자연생태,산림기사,식물보호,시험분석,토양,토양분석,ICP,AA,GC,환경 기술직,환경분석연구직,환경영향평가 및 교육환경평가 정규직 채용(경력자 우대),탄소중립/LCA – 대리급 이상,환경분야 실험분석,환경직,[SK그룹 환경계열사] 품질관리 담당자 경력직 채용 ,생태계 조사원,한국환경조사평가원 토양 분석 연구원(신입, 경력) 채용공고 "
57,회계사,"예산,입금조정,환불,연구비,정산업무,연구비정산,엑셀업무,finance,accounting,회계팀,국가공인,회계,회계업무,법인결산,연결재무제표,원천세신고,연말정산,세금계산서,매출,발행,전표처리,매입,비용정산,account,payments,내부회계,관리제도,일일자금시세,회계재무,내부회계관리,월분기연간,결산,법인세,세금,회계학,재무관리,회계감사,재무회계,재무정보","회계,회계사,경영학,경제원론,회계학,재무관리,회계감사,재무회계,재무정보,회계기록,재무제표,비용조사 결과보고서,재무거래계산서,회계보고서,소득세신고서,재무,세금,은행계산서,회계기준,소득세법,unierp,세무회계,전산회계,ERP 전산회계,상경계열,경리,사무,행정,전표처리,비용전산,상장사,회계업무,법인결산,연결재무제표,연말정산,총무업무,인사총무,공시담당,전산세무1급,전산세무2급,세무회계,세무법인,세무회계,세무사,세금,납세신고서,세금 환급,과세 문제,납부세액,결정세액,소득금액 증명,재무제표 증명,월마감,결산,연결회계,자금 입출금,부가세,법인세,세무신고,더존,세금계산서,SAP,ERP,사무직,손익관리,예산관리,기업회계,법인세신고,법인결산,경리사무원,계산서발행,부가세신고,4대보험,외부감사,세무조정,경리,TAT 2급,종합소득세,부가가치세,원천세 신고,사업자 결산,기장대리,신고대리,세무정보처리 2급,세무정보처리 1급,회계정보처리 1급,Finance,Finance accountant,감사,자금관리,공인회계사,관리회계,자체기장,세무기장,사무보조,사무행정,전표입력,예산,급여,원가회계,재무기획,세무사 사무실,내부감사,Assurance,Tax Services,Deals/FAS,감사위원회,내부통제자문,회계자문,세무자문,세법,재무자문,기장대행,회계장부 작성,행정심판대리,재무회계팀 경력사원 모집,LF계열사 경영관리팀 채용,경영지원부,관리 및 회계 업무 정규직 채용 (경력무관),세무 회계 경리 세무법인 세무회계사무소    세무사사무소,패션의류 재무회계 담당자 채용,한국에머슨 FP&A 채용 (Financial Analyst), (세무사 사무실) 3년 이상 경력 직원 채용,(주)엘팩토리 관리부(회계/총무/경영지원)정규직 채용  ,인하대병원 -연구지원팀,세무관리(신입/준경력),세무사무원 1명,현대캐피탈 사무 자체계약직 채용"
58,퍼포먼스 마케터,"퍼포먼스마케팅,애널리틱스,GAIQ,검색마케터,퍼포먼스,검색광고,트래킹,SA,온라인광고대행사,퍼모먼스 마케팅, 퍼널, 켐페인,그로스 마케팅, GA","퍼포먼스 마케팅,퍼널 설계,퍼널,트렌드 분석,콘텐츠 마케팅,콘텐츠 기획,캠페인 최적화,캠페인 집행,캠페인 기획,카피라이팅,집행 관리,지표 개선,전환 분석,이커머스,이벤트,유튜브,온라인 채널,오픈마켓,예산 관리,상위 노출,상용화,블로그,바이럴 콘텐츠,바이럴 마케팅,미디어 믹스,모니터링,마케팅,리텐션,디지털마케팅,데이터 분석,대외커뮤니케이션,대시보드,글쓰기,구매 전환,광고 최적화,고객 획득,고객 니즈,검색광고마케터,검색광고,가설 수립,가설 검증,VoC,User Acquisition,TikTok,STP,SQL,SNS 콘텐츠,SNS 채널,SEO,ROAS,Retention Campaign,Retargeting,Paid Channel 기획,Google UAC],GA,Facebook,AMD,AB 테스트,aarrr,AARRR,AE(SNS),AE_오픈마켓키워드광고_영업 및 운영관리,바이럴 부분 팀장,디지털마케팅 AE,마케팅 총괄 매니저,글로벌 마케팅 기획 - 영미권,Damiin Co., LT/ E-Commerce Specialist,온라인 마케터,검색광고 / 퍼포먼스광고 기획자,콘텐츠 마케터,[아하] 퍼포먼스 마케터,e 커머스 / 마케팅,광고기획,브랜딩,AE,IMC,웹소설 플랫폼 마케팅 담당자,국내영업 관리자 및 마케팅 기획, 총괄,마케터,디지털 마케터 리드,퍼포먼스 마케터,브랜드 마케팅 총괄(실/본부장급),그로스 마케팅 리드 (Growth Marketing Lead),디지털 캠페인 기획자,웹디자인, 자사몰, SNS 관리,컨텐츠마케터,바이럴마케터,브랜드마케터,프로그래머틱 광고 운영 전문가(Senior DSP Trading Specialist),온라인마케팅 기획자,마케팅,브랜드 컨텐츠 기획 및 제작,B2B 거래처/브랜드 관리자,온라인 판매 채널 관리자 AMD,마케팅 총괄 담당자,디지털 마케팅 기획자 (AE),브랜드 마케터 / 마케팅 기획자,병원 마케터,마케팅(주임/대리급),디지털 미디어 매니저(퍼포먼스&브랜딩),퍼포먼스 마케팅,국내 해외 마케터,디지털마케터,퍼포먼스 및 콘텐츠 기획,Growth marketer,사업개발 매니저,브랜드, 컨텐츠, 소셜 마케터,디지털 마케팅 팀장,퍼포먼스마케팅 AE,웹디자이너, 마케터,디지털마케팅,마케팅 팀장 및 팀원,위잇딜라이트 퍼포먼스 마케터,디지털 마케터,IMC 마케팅,마케팅/영업,홍보 마케팅(디지털마케팅),퍼포먼스/그로스 마케터,디지털 마케터,서비스 기획 및 마케팅 담당자,퍼포먼스 마케팅 AE,마이온 퍼포먼스 마케팅,글로벌 그로스/퍼포먼스 마케터,퍼포먼스 마케팅 (AE),매체사 개발 (Publisher BD)"
59,건축가,"건축기사,수주,민간수주,시공사,건축, 건축기사, 건축사, CAD, 설계","건축,건축기사,건축사,Auto CAD,Sketch Up,CAD,현장감리,워드,엑셀,Revit,라이노,실내건축설계,현황분석,법규,계획설계,중간설계,실시설계,외주관리,건축인허가도서,인허가,대관업무,토지대장,건축물대장,지적도,토지이용계획,프레젠테이션,3D 모델링,렌더링,영상제작,모형제작,스케치업,루미온,엔스케이프,CAD,CAM,건축산업기사,건축기사,토목,조경,도시공학,건축설계(설계팀 0명),건축 설계/감리 경력직 채용 ,건축설계 ,(주)베스트종합건축 신입,경력 정규직모집,건축설계 정기 경력직(정규직) 채용"
60,고객경험관리자,"전화,문의,가입,고객,응대,문의비용만족도,고객행복팀,감동후기,채팅상담,상담채널,이용고객,CS,CX,고객, 커뮤니케이션, 서비스, 고객 응대, 상담","CS,CX,니즈,고객,인바운드,세일즈,CRM,고객응대,커뮤니케이션,서비스,고객 문의,리뷰 ,VOC,소통,문서 작성,안내,협업,고객 응대,상담,글쓰기,Excel,Micro office,데이터,리서치,보고서,고객사,관리,고객경험,콘텐츠,데이터,분석,[대구] 고객관리 담당자 (CS/CX 매니저) (신입/경력),CS/CX 운영 ,CX Manager,CX 팀원 (신입),CX(Customer eXperience),[잔디] CX 매니저 "
61,변리사,"특허출원,선행기술조사,명세서,특허동향조사,침해검토,조사업무,지식재산권,특허분석,특허발굴,특허활용전략,상표,이의신청,심판,소송,특허출원,변리사,특허중간사건,특허, 권리화, 저작권, 출원","상표,디자인,이의신청,심판,소송,영어,특허,기술,선행기술,특허발굴,권리화,특허활용전략,특허 전략,OA,출원,저작권,특허맵,조사,명세서,변리사,특허동향,FTO,침해검토,지식재산권,상표 수습 변리사 초빙 ,메타버스 AR 분야 변리사 ,사내 변리사 ,[IT분야] 수습 변리사(신입) 경력 변리사(경력) 모집,[지음 특허] 전기전자/기계분야 변리사님을 초빙합니다.(각 1명) "
62,블록체인 엔지니어,"da,hyperledger,klaytn,설계,개발,체인별,isms,ansible,terraform,구조도,게임,net,libplanet,개발,batch,스마트,컨트랙트,블록체인,이더리움,evm,smart,contract,wallet,solidity,컨트랙트,etl,mcds,kafka,defi,채널,코인,채널,디스코드, 노드, Ethereum, NFT, 디파이, 분산","Polygon,Ethereum,NFT,Smart Contract,Dapp,idc,AWS,노드,노드 설계,리눅스,네트워크,docker,Kubernetes,Tendermint,블록체인 노드,UNIx,Linux,Terraform,Ansible,k8s,IaC,Golang,데이터베이스,탈중앙화,ISMS,디파이,분산 시스템,암호화,스마트 컨트랙트,Truffle,Hardhat,[전문연구요원] 블록체인 엔지니어 ,[빗썸] 블록체인 시스템 엔지니어 ,블록체인 엔지니어(Blockchain Engineer) 정규직 모집 ,블록체인 SDK 엔지니어,블록체인 인프라 엔지니어 ,Blockchain Engineer "
63,실내장식디자이너,"일러스트,호텔,상업시설,디렉팅,실시설계,샵드로잉,photoshop,감리,상업,주거,전시장,공간,autocad,인테리어, CAD, 캐드, 실내건축, Sketchup, 스케치업","인테리어,디자인,제안서,미팅,감리,실시설계,드로잉,CAD,Sketchup,Photoshop,프로젝트,실내건축,산업디자인,MS Office,캐드,스케치업,포트폴리오,실내건축기능사,실내건축기사,실내건축산업기사,3D,공간 기획,디자인 디렉팅,공간 트렌드,캐드도면,도면,기획설계,기본설계,실시설계,[동거동락:프롭테크] 인테리어 디자이너,(주)장식가 인테리어 디자이너 채용(신입/경력) ,인테리어 디자이너 / 현장 시공팀 모십니다  ,설계디자이너 ,인테리어 설계팀 디자이너 "
64,영업관리자,"영업,오픈마켓,광고상품,거래처,신제품,발굴,신규,고객사,부동산,중개,컨설팅,체결,공공기관,영업채널,영업제안서,영업, 관리, 고객, 계약, 프로젝트, 세일즈","영업관리자,상권,거래처,매출활성화,고객사,프로젝트,발굴,PPT,PO,관리,매출마감,수금관리,영업정보,가격정보,거래선,계약,영업정책,여신,채권,세일즈,신제품,주문등록,시장동향,전략,데이터,컨설팅,국내영업 (수도권/대구경북/강원) *각 지역별 담당 채용,국내 마케팅/영업,국내 영업지원,영업관리 신입 / 경력 ,ETC 영업 (신입/경력),영업 사원 정규직 대규모 채용 (4년 - 10년차, 산업무관)  ,영업 "
65,의류디자이너,"디자인,의류,스포츠브랜드,패턴개발,승화전사,프린트,신규라인,부자재,도식화,원부자재,유니섹스,영캐주얼,스트릿,룩북,공장,포토샵,일러스트,샘플작업,트렌드리서치,패턴체크,ss,부자재,이미지맵,유니폼디자인,원부자재,발주,골프웨어,말본골프,샘플핸들링,의류, 디자인, 샘플, 트렌드, 스타일, 스케치, 패턴","의류,디자인,작업지시서,샘플핸들링,시장조사,트렌드 분석,샘플,원부자재,발주,디자인 샘플,상품 기획,디자인 개발,도식화,스타일,스케치,무드맵,이미지맵,패턴,패턴테크,부자재 발주,웹디자인,브랜드,브랜드 디자인,작지,트렌드,포토샵,일러스트,그래픽,그래픽 디자인,로고,아트웍,룩북,QC,퀄리티,출고,납품, 스케줄 관리,ERP,말본골프 의류디자이너 (경력 5~13년) ,의류디자이너/신입경력무관계약직/남양주 다산 현대프리미어 ,프리랜서 의류 디자이너 [경력직],MYCOB 온라인팀 의상 디자이너,의류 디자이너 ,의류 그래픽 디자이너,디자이너"
66,제조생산관리자,"VDA,SQ,GM,TASL,KMC,공정관리,원가절감,생산성,KPI,APQP,QMS,EMS,rhdwjd,스마트공장,생산운영관리,생산계획수립,생산인력관리,공정분석,rework,제품분석,품질경영시스템,새선,품질관리,표준화,제정,공정무관,설계,SOP,장비,도면,생산공정관리,생산관련,공정별,CNC,MCT,외주가공업체,내화물,생산,공정, 생산관리, 입출고, 출고, 보증","공정,생산관리,제조,검사,출하,생산공정,입출고,외주가공,안전,보건,환경,인원,CNC,MCT,납기,재고관리,자재입고,장비,매뉴얼,품질 개선,출고,생산 실적,ERP,품질경영,유효성,품질보증,제조 프로세스,ISO9001,ISO14001,TS16949,품질경영시스템,제조기획,생산관리,제조원가관리,ERP,MES,라인 공정분석,설비관리,생산계획,생산관리,공정관리,CAD,도면 해독,현장관리,CCTV 제조 생산관리자 채용합니다,제조업 생산관리자(사원-대리급) 채용 ,현대정밀 제조본부 생산관리 채용,생산기술 ,조립 제조 생산직 채용 (성별무관 /경력무관) ,공산품 품질관리 ,[RF 세라믹 통신 부품] 제조기획 및 생산관리 신입/경력직 채용  ,나주 제조센터 생산관리 경력사원 채용 ,제조업 생산관리 모집 ,생산 공정관리 , ㆍ품질경영시스템 운영 ㆍ지속적 개선관리 ㆍ해외공장 지원업무 ㆍ글로벌 자동차 부품사    품질 Audit 대응"
67,제품디자이너,"figma,레몬트리,기획팀,디자인리더,design,프로덕트,공공디자인,프로젝트,컨셉,시뮬레이션,포트폴리오,감리,협업,패키지,팬굿즈,flagship,posm,키트,소도구,mock,vmd,cmf,작업지시서,발주서,텍스타일,제품촬영,매장,협찬,서비스,디자인,PO,개선,트렌드,디자인,일러스트,포토샵,브랜드,디자인협업,잡화,photoshop,illustrator,제품디자인, 제품기획, 샘플링, 양산, 견본, 3D","BI,브랜,3D,커머스,제조사,제품 디자인,기획 개발,상품 기획,트렌드,반응 ,판매,작업지시서,발주서,촬영,디스플레이,샘플링,양산,용기,디자인,견본,세트패키지,VMD,매대,집기,포스터,라이노,Mock-up,POSM,브랜딩,웨어러블,사용자 경험,디자인 전략,3D 디자인,양산,Industrial Design,포토샵,일러스트,트렌드,그래픽 가이드,패키지 디자인,디자인 감리,일러스트레이터,그래픽 가이드,Rhino,V-ray,Keyshot,Maxwell,온라인 컨텐츠,샘플링,공장,핸들링,작업지시서,시장 조사,사용자 조사,부스터스 채용직무,제품 디자이너 (경력직)  ,제품 디자이너 (O명),제품디자인,​Industrial Designer(HW 제품 디자이너) ,제품패키지 디자이너,[아이콘스] 제품 디자이너 모집 ,제품디자이너 (패션잡화)  "
68,콘텐츠마케터,"채널,디지털마케팅,콘텐츠,카피라이터, 카피라이팅, 콘텐츠, 브랜딩, 컨텐츠, SNS, 스토리텔링","브랜디드 콘텐츠,SNS,카피라이터,디지털 광고,콘텐츠 전략,글쓰기,편집 및 교정,아이디어,메시지,스크립트,퍼포먼스 광고,브랜드 마케팅,상품페이지,DA,SNS,디지털 컨텐츠,크리에이티브,시놉,카피라이팅,켐페인 기획,광고,톤앤매너,스토리텔링,보도자료,광고 카피,컨텐츠 기획,컴니케이션,메시지,아이디어,메시지,인사이트,화법,카피,콘텐츠 마케터, 카피라이터 경력 (O명),[정규직/-연4800] 유명기업 카피라이터 채용 ,카피라이터,""나이키""담당 카피라이터 / 작가 ,""나이키"" 담당 웹컨텐츠 디자이너 ,[IT/외국계] 카피라이터 기획자 채용 ,[PTKOREA] 카피라이터 ,크리에이티브그룹 Senior Copywriter "
69,프로젝트 관리자(PM),"프로덕트,매니저,pm,saas,pmbok,클라이언트,계약,예산,프로젝트,pmp,수행관리,산출물,업무리딩,데이터모델링,이슈,협의,nia,정부과제,사업운영,검사기준서,개발,배분,프로세스,legacy,pm,pl,tdd,microservice,의사결정,개발디자인,애자일,사업제품,커머스,analytics,프로덕트,mvp,agile,scrum,kanban,프로젝트 관리, PL, PM","요구 사항,프로젝트,관리,아케텍처링,PM,PL,시스템 구성,커뮤니케이션,론칭,서비스 운영,검사기준서,모니터링,검사결과서,요구사항,스케쥴,이슈,웹서비스,데이터모델링,CI,CD,프로젝트 제안,업무리딩,프로세스,산출물,빅데이터,PMP,서비스 개발,시스템,API,기획,개선,개발 프로세스,방법론,솔루션 구축,일정 관리,요구사항 정리,프로세스 정리,투입 자원,리스크,프로세스 고도화,프로젝트 피드백,커뮤니케이션,프로젝트 리딩,요구사항 분석,사업제안,리소스,상세 일청,진행 점검,소통,요구사항 정의,시나리오,데이터,[티빙] 개발 PM 경력직 채용  ,[TTA] 인공지능 학습용 데이터 의미적 정확성 검사 ,개발PM,[kt넥스알] 프로젝트 PM(빅데이터 시스템 개발 매니저) 채용  ,개발 프로젝트 매니저 PM  ,프로덕트 매니저(PM) ,솔루션 구축 프로젝트 매니저 (PM),아틀라시안 프로젝트 매니저(PM),[BtoC 대용량서비스] 프로젝트 매니저(PM) 채용,[TEXTNET] 챗봇 지식/언어 자원 구축 프로젝트 매니저(PM),뉴미디어 콘텐츠 프로젝트매니저(PM) 경력 모집  "
70,해외영업관리자,"동남아,중화권,총판,대리상,발주관리,수출업무,해외수출,유통채널개발,발주관리,선적진행관리,일본향,이커머스,매출관리,집계,상품관리,일본,글로벌,영어,커뮤니케이션,인플루언서,광고주,ads,해외, 거래처, 박람회, 무역, 회화","해외 ,거래처,미팅,박람회,제안,선적,무역,invoice,매출관리,상품관리,프로모션,기획,실행,성과분석,일본어,회화,영어권,시장조사,커뮤니케이션,해외 전시회,해외 출장,글로벌,영어,전략수립,거래선,법인관리,심포지움,독일어,스페인어,외국어,컴퓨터활용능력,통계분석,리서치,엑셀,바이어,채널,전시회,매출분석,바이럴,온라인,디지털,중화권,총판,수출,허가,동남아,(주)노바렉스 대졸 경력사원 공채 ,해외영업팀 일본 담당,해외 영어권 온라인 영업 (아마존),해외 영어권 B to B영업,[메가젠임플란트] 유럽팀 해외영업 담당자 모집 ,[신사업부] 해외영업 채용(미주, 유럽, 아시아 등 외국인도 환영  ,중화권 해외영업"
71,광고기획자,"마케팅프로모션,광고대행사,종합광고대행사,광고마케팅,광고대행사,광고, 기획, 홍보, 제안서, 클라이언트","광고,브랜드,채널,커뮤니케이션,광고 기획,기획,보고서,트렌드,PR,바이럴,켐페인,인플루언서,유튜버,파트너,고객사,대행사,전략,제안서,홍보,클라이언트,프로젝트,데이터 분석"
72,마케팅 총괄,"마케팅팀,전략플래닝,전략수립,통합마케팅,우량플랫폼,해외향마케팅,market,cf,인사이트,mi,cmo,전략기획,예산설정,바이럴,기획,관리퍼포먼스마케팅,경험자검색광고,소유자이커머스,디지털마케팅,공공입찰,MCN,imc,캠페인,기획운영,파트너십,payments,marketing,commerce,영업계획수립,국내영업,영업관리,캠페인,광고주,카피라이팅,마케팅,전략,데이터,지표,시장,유튜브,블로그,크리에이티브,대시보드,campaign","마케팅, 마케팅 총괄,전략,데이터,커뮤니케이션,기획,예산,분석,OKR,CMO,전략플래닝,미디어 믹스,KPI,지표,플래닝,PM,시장 분석,[야나두(야핏)] 마케팅 총괄 (스포츠테크),마케팅 총괄 ,[연봉7천/스포츠센터/경기도분당] 마케팅 총괄  ,【 채용부문 】 CMO    ,중견플랫폼기업업 마케팅 총괄 ,1. 채용제목: 마케팅팀 리더급 채용 - 유명 미디어커머스 "
73,온라인MD,"네이버,스마트스토어,쿠팡로켓배송,온라인,쇼핑몰,옥션,지마켓,인터파크,오픈마켓,기획전,상품등록,행사딜,매출목표,자사몰,목표관리,운영보고,판매데이터,고도화,외부몰,상품성,달성,쇼핑몰,소싱,온라인,운영프로못현,운영상품,채널,상품,자사몰,마케팅프로모션,상품, 채널, 프로모션, 이벤트 기획, MD","브랜드,상품,시즌 전략,판매 전략,매출 관리,채널 운영,커뮤니케이션,상품 개발,콜라보레이션,브랜드 발굴,자사몰,프로모션,이벤트 기획,운영 보고,판매데이터,시장,고객 데이터,상품 데이터,커머스 전략,온라인MD,스마트스토어,카카오쇼핑,시장 동향,경쟁사,고객 환경,판매 채널,제품 기획,홍보 계획,매출 데이터,운영 최적화,프로모션 관리,상품 등록,데이터 분석,온라인 쇼핑몰,오픈마켓,기획전,광고,행사,SCM,CRM,라이브 커머스,신규 채널,업체 관리,세일즈,영업,매출 관리,이익률 관리,상품 기획,소싱,프로젝트,MD,CM,데이터 활용,해외 패션 브랜드 MD 채용,젝시믹스 온라인MD,[이너뷰티] 웹디자이너/온라인 MD/영업관리기획 채용,온라인MD/AMD ,온라인MD ,LFmall 스포츠 브랜드 온라인MD,브랜드 패션 MD 채용"
74,프로덕트 오너(PO),"목표설정,담당구성,프로덕트디자이너,컨텐츠매니저,상품기획자,운영,서비스,서비스기획,pm,출시,flow,정량화,문서화,시나리오,코드실습,개인성장,상호작용,프로덕트,로드맵,도출,신규,GGQ,재반영,사업개발,성과,product,agile,어드민,앱웹플랫폼,고도화,인사이트,사용자 경험,사용자 경험, 전략 로드맵","전략,로드맵,우선순위,기능,요구사항,wireframe,사용자 경험,문제해결 능력,설계,데이터,AB TEST,MVP,가설 ,검증,핵심 지표,시나리오 설계,스토리 기획,보상 설계,커뮤니케이션 ,시스템 기획,모듈 구상,세부 설계,스프린트,시각화,figma,게이미피케이션,서비스 설계,flow,UI,UX,서비스 기획,방향성,우선순위,제품 전략,로드맵,지표설정,배포 일정,문제 정의,가설 수립,성공지표 설계,PRD,사용자 통계,기획,지표 향상,AARRR,고객 경험,사용자 패턴,서비스 개선,협업,프로덕트,마켓 리서치,성과측정,선행 리서치,User Experience,이슈분석,프로덕트디자이너,프로덕트 개선,서비스 전략,실험,고도화,액션 로드맵,고객 터치포인스,제품 요구 ,유저 케이스,고객 시나리오,제품 출시,라이프사이클,지표 개선,프로덕트 오너(PO)  ,[PROBIT거래소] 프로덕트 오너 (Product Owner, PO) 채용,프로덕트 오너 (게임기획),서비스 기획자(PM/PO),PO,Product Owner ,여행서비스 PO,프로덕트 매니저(PM) ,페이플] 프로덕트 매니저(서비스기획) 경력직 채용,PM (Product Manager)               서비스 기획,[비즈하우스] Jr. 프로덕트 매니저 (PM/PO) ,프로덕트 매니저  ,[뱅크샐러드] 프로덕트 매니저 채용  "
75,산업특화SW프로그래머,"리눅스,하둡,hive,spark,jts,gis,sdk,자료구조,알고리즘,객체지향,게임,application,oracle,jde,erp,인프라,개발,설계,웹개발,솔루션,어플리케이션,GNSS,GPS,위성항법,정밀측위,DGNSS,RTK,PPP,RTK,wisetechglobal,visual,studioc,net,ms,backmain,frontsub,전문연구요원,javaspring,구축제안,오바일앱웹개발,solidworks,algorithms,parallel,troubleshooting,infra,lucid,visio,commerce,플랫폼,소프트웨어클라우드어플리케이션,전자정부표준프레임워크,노후장비교체,cc,네트워크시스템,dbquery,임베디드,단말기,iot,센서,Java,정보처리기사,C,C++,Linux,SW,소프트웨어,개발,Algorithm,알고리즘,Windows,http,tcp,Protocol,MongoDB,Delphi,Socket,Thread,UART,USB,컴퓨터소프트웨어,KIOSK,WPF,컴퓨터시스템,프로파일링,성능,디버깅,영상처리,Framework,API,workflow,인프라,자동화,자바","개발,Git,유지보수,어플리케이이션,서비스 개발,애자일,C/C++,MFC,API,IT,Embedded SW,웹서비스,SDK,소프트웨어,서버,클라이언트,VPN,모니터링,임베디드 시스템,솔루션,정보처리,PHP,Linux,SW,Delphi,코드리뷰"
76,실내인테리어,"설계,공간브랜딩,시공감리,인테리어설계,실내인테리어,견적직원,실내건축자격증,시공,디테일,준공,공사비,실내건축기사,실내건축산업기사,실내건축,주거공간,인테리어,디자인,디자인감리,관련자격증,소지자","주거공간,인테리어,디자인,디자인감리,관련자격증,소지자"
77,서비스기획,"스토리,wbs,커뮤니케이션,web,app,biz,판매관련자료,pdf,ppt,url,웹에이전시,saas,트렌드,분석,기획,홈페이지,어드민,프트폴리오,온라인,플랫폼,기획서,정책수립,정의서,notion,google,파워포인트,서비스기획,웹기획,플랫폼비지니스,기획업무,운영계획,정책,서비스,스토리보드,인사이트,에이전시,문제은행,협업,운영,정책,외주","서비스,스토리보드,인사이트,에이전시,문제은행,협업,운영,정책,외주"
78,비지니스기획,"제안서,사업계획서,정부지원사업,IR,신규사업기획,기획안,PT,신규사업,사업직접","신규사업기획,기획안,PT,신규사업,사업직접"
79,콘텐츠디자이너,"판매채널,에이전시,그래픽,포토샵,일러스트,레이아웃,온라인,커머스,콘텐츠,디자인,프로모션,이벤트,sns,마케팅,커머스,photoshop,illustrator,운영","온라인,커머스,콘텐츠,디자인,프로모션,이벤트,sns,마케팅,커머스,photoshop,illustrator,운영"
80,콘텐츠기획,"기획,바이럴콘텐츠,블러그,커뮤니티,유튜브콘텐츠","기획,바이럴콘텐츠,블러그,커뮤니티,유튜브콘텐츠"
81,컨설턴트,"vision,성장,전략,진출,실사,PMI,value,operation,strategy","vision,성장,전략,진출,실사,PMI,value,operation,strategy"
82,HW 개발,"hw,system,embedded,hardware,보드,개발,하드웨어,펌웨어,회로,전기,전자","hw,system,embedded,hardware,보드,개발"
83,수의사,"반려동물,행동심리상태,수의사,수의대,동물병원","반려동물,행동심리상태,수의사,수의대,동물병원"
84,기계설계,"개발,기계공학,기계설계,금형,성형,사출,프레스,솔리드웍스","기계공학,기계설계,금형,성형,사출,프레스,솔리드웍스"
85,피부관리사,"피부관리,시술,어시스트","피부관리,시술,어시스트"
86,신소재개발,"대체육,식물성,소재,식물조직단백,신소재,유기화학,생명공학,식품공학,식품영향학","대체육,식물성,소재,식물조직단백,신소재,유기화학,생명공학,식품공학,식품영향학"
